,schedule_playoff,spread_favorite,stadium_neutral,weather_wind_mph,home_favorite,away_favorite,weather_detail_Dome,weather_detail_Rain,weather_detail_Snow,weather_detail_Sunny
417,0,1.5,0,1.0,1.0,0.0,0,0,0,1
2085,0,16.5,0,0.0,1.0,0.0,1,0,0,0
90,0,3.5,0,0.0,1.0,0.0,1,0,0,0
688,0,10.0,0,1.0,1.0,0.0,0,0,0,1
984,0,3.5,0,0.0,1.0,0.0,1,0,0,0
47,0,3.0,0,6.0,0.0,1.0,0,0,0,1
1698,0,1.0,0,0.0,0.0,1.0,1,0,0,0
995,0,6.0,0,7.0,1.0,0.0,0,0,1,0
760,0,2.5,0,7.0,0.0,1.0,0,0,0,1
1141,0,4.0,0,6.0,1.0,0.0,0,0,0,1
521,0,7.0,0,1.0,1.0,0.0,0,0,0,1
1570,0,2.5,0,7.0,0.0,1.0,0,0,0,1
941,0,5.5,0,0.0,1.0,0.0,1,0,0,0
153,0,6.5,0,1.0,1.0,0.0,0,0,0,1
678,0,3.0,0,6.0,1.0,0.0,0,0,0,1
1583,0,10.0,0,0.0,1.0,0.0,0,0,0,1
1752,0,7.0,0,7.0,1.0,0.0,1,0,0,0
2008,0,5.0,0,5.0,1.0,0.0,0,0,0,1
680,0,2.5,0,5.0,1.0,0.0,0,0,0,1
1796,0,1.0,0,2.0,1.0,0.0,0,0,0,1
1671,0,7.0,0,2.0,1.0,0.0,0,0,0,1
345,0,7.0,0,1.0,1.0,0.0,0,0,0,1
1969,0,4.0,0,0.0,1.0,0.0,1,0,0,0
1754,0,3.0,0,0.0,1.0,0.0,1,0,0,0
1094,0,4.5,0,6.0,0.0,1.0,0,0,0,1
1585,0,6.0,0,4.0,1.0,0.0,0,0,0,1
2101,0,11.0,0,7.0,1.0,0.0,0,0,0,1
1833,0,4.0,0,2.0,0.0,1.0,0,0,0,1
41,0,14.5,0,11.0,1.0,0.0,0,0,0,1
1165,0,1.5,0,0.0,1.0,0.0,1,0,0,0
376,0,3.0,0,5.0,1.0,0.0,0,0,0,1
730,0,7.0,0,5.0,1.0,0.0,0,0,0,1
924,0,1.0,0,9.0,0.0,1.0,0,0,0,1
2106,0,3.0,0,7.0,1.0,0.0,0,0,0,1
430,0,10.0,0,0.0,1.0,0.0,1,0,0,0
1663,0,7.5,0,1.0,1.0,0.0,0,0,0,1
313,0,7.0,0,1.0,1.0,0.0,0,0,0,1
1650,0,7.5,0,0.0,1.0,0.0,0,0,0,1
623,0,2.0,0,12.0,0.0,1.0,0,0,0,1
410,0,7.0,0,10.0,0.0,1.0,0,0,0,1
1493,0,14.0,0,3.0,1.0,0.0,0,0,0,1
658,0,2.0,0,0.0,0.0,1.0,1,0,0,0
914,0,7.0,0,9.0,1.0,0.0,0,0,0,1
1656,0,1.0,1,6.0,0.0,1.0,0,0,0,1
788,0,5.5,0,4.0,1.0,0.0,0,0,0,1
1242,0,2.5,0,0.0,1.0,0.0,1,0,0,0
1110,0,10.0,0,0.0,1.0,0.0,1,0,0,0
428,0,7.0,0,0.0,1.0,0.0,1,0,0,0
768,0,5.0,0,9.0,1.0,0.0,0,0,0,1
1712,0,2.5,0,4.0,1.0,0.0,0,0,0,1
1639,0,6.5,0,10.0,1.0,0.0,0,0,0,1
608,0,10.0,0,8.0,1.0,0.0,0,0,0,1
1708,0,8.5,0,2.0,1.0,0.0,0,0,0,1
2024,0,2.5,0,0.0,1.0,0.0,1,0,0,0
54,0,3.5,0,1.0,1.0,0.0,0,0,0,1
475,0,13.5,0,0.0,1.0,0.0,1,0,0,0
1557,0,2.0,0,3.0,0.0,1.0,0,0,0,1
1876,0,3.0,0,8.0,1.0,0.0,0,0,0,1
2074,0,6.0,0,12.0,1.0,0.0,0,0,0,1
1161,0,7.0,0,8.0,1.0,0.0,0,0,0,1
784,0,9.5,0,13.0,1.0,0.0,0,0,0,1
1813,0,13.5,0,0.0,1.0,0.0,1,0,0,0
230,0,2.5,0,7.0,0.0,1.0,0,0,0,1
1335,0,7.0,0,9.0,1.0,0.0,0,1,0,0
1057,1,2.5,0,0.0,0.0,1.0,1,0,0,0
1679,0,3.0,0,6.0,0.0,1.0,0,0,0,1
1868,1,3.0,1,0.0,1.0,0.0,1,0,0,0
199,0,3.5,0,1.0,1.0,0.0,0,1,0,0
1215,0,4.0,0,0.0,1.0,0.0,0,0,0,1
261,1,3.0,0,4.844106463878327,1.0,0.0,0,0,0,1
949,0,2.0,0,17.0,0.0,1.0,0,0,0,1
1132,0,8.0,0,8.0,1.0,0.0,0,0,0,1
1010,0,5.5,0,0.0,1.0,0.0,1,0,0,0
715,0,7.5,0,4.0,1.0,0.0,0,0,0,1
1694,0,7.5,0,3.0,1.0,0.0,0,0,0,1
977,0,3.0,0,2.0,1.0,0.0,0,0,0,1
1131,0,5.0,0,0.0,1.0,0.0,1,0,0,0
575,0,7.0,0,0.0,0.0,1.0,1,0,0,0
526,1,3.0,0,4.844106463878327,1.0,0.0,0,0,0,1
870,0,3.0,0,0.0,0.0,1.0,1,0,0,0
1313,0,3.0,0,5.0,1.0,0.0,0,0,0,1
211,0,0.0,0,8.0,0.0,0.0,0,0,0,1
875,0,11.0,0,0.0,1.0,0.0,1,0,0,0
979,0,6.0,0,0.0,1.0,0.0,1,0,0,0
824,0,9.0,0,9.0,1.0,0.0,0,0,0,1
2093,0,13.5,0,14.0,1.0,0.0,0,0,0,1
1620,0,12.5,0,3.0,1.0,0.0,0,0,0,1
1710,0,3.0,0,0.0,1.0,0.0,1,0,0,0
1933,0,3.0,0,5.0,1.0,0.0,0,1,0,0
1632,0,2.0,0,0.0,0.0,1.0,1,0,0,0
978,0,8.0,0,0.0,1.0,0.0,1,0,0,0
1350,0,2.5,0,4.0,0.0,1.0,0,0,0,1
505,0,13.0,0,1.0,1.0,0.0,0,0,0,1
240,0,14.5,0,0.0,1.0,0.0,1,0,0,0
1452,0,8.0,0,0.0,1.0,0.0,1,0,0,0
720,0,6.0,0,4.0,1.0,0.0,0,0,0,1
744,0,0.0,0,0.0,0.0,0.0,1,0,0,0
63,0,8.0,0,6.0,1.0,0.0,0,0,0,1
792,1,7.0,0,4.844106463878327,1.0,0.0,0,0,0,1
518,0,7.0,0,0.0,1.0,0.0,1,0,0,0
426,0,17.0,0,2.0,1.0,0.0,0,0,0,1
738,0,10.0,0,8.0,1.0,0.0,0,1,0,0
314,0,3.5,0,0.0,1.0,0.0,1,0,0,0
1303,0,7.0,0,6.0,0.0,1.0,0,0,0,1
461,0,16.5,0,2.0,1.0,0.0,0,0,0,1
710,0,3.5,0,0.0,1.0,0.0,1,0,0,0
193,0,4.0,0,0.0,0.0,1.0,1,0,0,0
910,0,4.5,0,3.0,1.0,0.0,0,0,0,1
1577,0,3.0,0,10.0,0.0,1.0,0,0,0,1
895,0,7.0,0,4.0,1.0,0.0,0,0,0,1
1083,0,6.5,0,0.0,1.0,0.0,1,0,0,0
412,0,13.0,0,13.0,1.0,0.0,0,0,0,1
988,0,3.5,0,5.0,1.0,0.0,0,0,0,1
1008,0,1.5,0,9.0,1.0,0.0,0,0,0,1
1077,0,6.5,0,3.0,1.0,0.0,0,0,0,1
1804,0,3.5,0,2.0,0.0,1.0,0,0,0,1
2067,0,1.0,0,3.0,0.0,1.0,0,0,0,1
860,0,1.5,0,7.0,0.0,1.0,0,0,0,1
1100,0,6.5,0,0.0,1.0,0.0,1,0,0,0
1315,0,7.0,0,4.0,1.0,0.0,0,0,0,1
1624,0,1.0,0,2.0,1.0,0.0,0,0,0,1
1195,0,3.0,0,5.0,1.0,0.0,0,0,0,1
1911,0,5.5,0,7.0,0.0,1.0,0,0,0,1
1326,1,6.0,0,0.0,1.0,0.0,1,0,0,0
208,0,10.5,0,7.0,1.0,0.0,0,0,0,1
427,0,3.5,0,5.0,1.0,0.0,0,0,0,1
2102,0,5.5,0,0.0,1.0,0.0,1,0,0,0
618,0,3.0,0,11.0,1.0,0.0,0,0,0,1
276,0,8.5,0,7.0,1.0,0.0,0,0,0,1
18,0,3.0,0,1.0,0.0,1.0,0,0,0,1
1048,0,2.5,0,0.0,0.0,1.0,1,0,0,0
1231,0,4.0,0,10.0,1.0,0.0,0,1,0,0
889,0,10.5,0,5.0,1.0,0.0,0,0,0,1
1808,0,2.0,0,11.0,1.0,0.0,0,0,0,1
1598,1,7.5,0,9.0,1.0,0.0,0,0,0,1
652,0,7.0,0,3.0,1.0,0.0,0,0,0,1
1882,0,3.5,0,6.0,1.0,0.0,0,1,0,0
435,0,9.5,0,1.0,1.0,0.0,0,0,0,1
731,0,6.5,0,9.0,1.0,0.0,0,0,1,0
1753,0,5.5,0,0.0,1.0,0.0,1,0,0,0
1179,0,6.5,0,9.0,1.0,0.0,0,0,0,1
2025,0,7.5,0,0.0,1.0,0.0,1,0,0,0
1051,0,3.5,0,5.0,1.0,0.0,0,1,0,0
1922,0,3.0,0,7.0,1.0,0.0,0,0,0,1
1643,0,10.0,0,7.0,1.0,0.0,0,0,0,1
1462,0,8.0,0,7.0,1.0,0.0,0,0,0,1
107,0,3.0,0,0.0,1.0,0.0,1,0,0,0
1340,0,4.5,0,5.0,1.0,0.0,0,0,0,1
1021,0,7.0,0,0.0,0.0,1.0,1,0,0,0
559,0,3.0,0,5.0,1.0,0.0,0,0,0,1
1745,0,2.5,0,2.0,0.0,1.0,0,0,0,1
923,0,8.0,0,12.0,1.0,0.0,0,0,0,1
2038,0,16.5,0,17.0,1.0,0.0,0,0,0,1
1349,0,3.0,0,0.0,0.0,1.0,1,0,0,0
1337,0,1.0,0,7.0,0.0,1.0,0,0,0,1
371,0,4.0,1,0.0,1.0,0.0,1,0,0,0
994,0,4.5,0,0.0,1.0,0.0,1,0,0,0
1309,0,14.0,0,3.0,1.0,0.0,0,0,0,1
253,0,6.0,0,3.0,1.0,0.0,0,0,0,1
416,0,4.5,0,1.0,1.0,0.0,0,0,0,1
1286,0,7.0,0,7.0,1.0,0.0,0,0,0,1
604,0,6.0,0,4.0,1.0,0.0,0,0,0,1
865,0,3.0,0,0.0,0.0,1.0,1,0,0,0
957,0,3.0,0,2.0,1.0,0.0,0,0,0,1
643,0,3.0,0,0.0,1.0,0.0,1,0,0,0
1069,0,3.0,0,0.0,0.0,1.0,1,0,0,0
1913,0,3.0,0,4.0,1.0,0.0,0,0,0,1
1715,0,5.0,0,0.0,1.0,0.0,1,0,0,0
1940,0,3.0,0,8.0,0.0,1.0,0,0,0,1
1928,0,3.0,0,3.0,0.0,1.0,0,0,0,1
84,0,14.0,0,1.0,1.0,0.0,0,0,0,1
231,0,3.0,0,5.0,1.0,0.0,0,0,0,1
48,0,7.0,0,0.0,1.0,0.0,1,0,0,0
1776,0,3.5,0,6.0,1.0,0.0,0,0,0,1
171,0,7.5,0,6.0,1.0,0.0,0,0,0,1
2118,0,17.0,0,14.0,1.0,0.0,0,0,0,1
1098,0,5.0,0,4.0,1.0,0.0,0,0,0,1
1412,0,3.0,0,0.0,0.0,1.0,1,0,0,0
524,1,10.5,0,0.0,1.0,0.0,1,0,0,0
349,0,14.0,0,2.0,1.0,0.0,0,0,0,1
1006,0,2.5,0,13.0,1.0,0.0,0,0,0,1
1422,0,2.5,0,10.0,0.0,1.0,0,0,0,1
783,0,6.5,0,21.0,1.0,0.0,0,0,1,0
734,0,1.5,0,0.0,0.0,1.0,1,0,0,0
1568,0,7.0,0,5.0,1.0,0.0,0,0,0,1
1502,0,3.0,0,0.0,1.0,0.0,1,0,0,0
706,0,2.5,0,11.0,1.0,0.0,0,0,0,1
487,0,3.0,0,9.0,1.0,0.0,0,0,0,1
593,0,1.5,0,8.0,1.0,0.0,0,1,0,0
998,0,3.5,0,9.0,1.0,0.0,0,0,1,0
981,0,6.5,0,5.0,1.0,0.0,0,0,0,1
1216,0,1.0,0,0.0,0.0,1.0,1,0,0,0
583,0,4.0,0,0.0,1.0,0.0,1,0,0,0
266,1,3.0,1,4.844106463878327,1.0,0.0,0,0,0,1
1562,0,7.0,0,0.0,0.0,1.0,1,0,0,0
958,0,4.0,0,7.0,1.0,0.0,0,0,0,1
869,0,9.5,0,12.0,1.0,0.0,0,0,0,1
1809,0,6.0,0,1.0,1.0,0.0,0,0,0,1
292,0,5.0,0,0.0,1.0,0.0,1,0,0,0
2015,0,7.0,0,2.0,1.0,0.0,0,0,0,1
1355,0,3.5,0,6.0,1.0,0.0,0,0,0,1
2084,0,12.5,0,0.0,1.0,0.0,1,0,0,0
112,0,2.0,0,5.0,1.0,0.0,0,0,0,1
185,0,5.0,0,0.0,1.0,0.0,1,0,0,0
2130,1,2.5,0,16.0,0.0,1.0,0,0,0,1
1996,0,7.0,0,5.0,1.0,0.0,0,0,0,1
1537,0,12.0,0,11.0,1.0,0.0,0,1,0,0
817,0,11.5,0,8.0,1.0,0.0,0,1,0,0
1285,0,9.5,0,5.0,1.0,0.0,0,0,0,1
740,0,1.5,0,8.0,1.0,0.0,0,0,0,1
1278,0,14.0,0,7.0,1.0,0.0,0,0,0,1
237,0,6.0,0,1.0,1.0,0.0,0,0,0,1
210,0,2.5,0,6.0,1.0,0.0,0,0,0,1
1334,1,1.0,1,0.0,1.0,0.0,1,0,0,0
1762,0,6.5,1,0.0,1.0,0.0,0,0,0,1
2056,0,3.0,0,0.0,0.0,1.0,0,0,0,1
217,0,8.0,0,0.0,1.0,0.0,0,1,0,0
1723,0,3.5,0,10.0,0.0,1.0,0,0,0,1
2021,0,2.0,0,0.0,1.0,0.0,1,0,0,0
1687,0,2.5,0,0.0,0.0,1.0,1,0,0,0
633,0,6.5,0,15.0,1.0,0.0,0,0,0,1
1191,0,7.0,0,8.0,1.0,0.0,0,0,0,1
614,0,3.0,0,8.0,1.0,0.0,0,0,0,1
1257,0,6.5,0,0.0,1.0,0.0,1,0,0,0
648,0,4.5,0,8.0,1.0,0.0,0,1,0,0
1238,0,11.0,0,6.0,1.0,0.0,0,0,0,1
1038,0,3.5,0,0.0,1.0,0.0,1,0,0,0
2109,0,5.0,0,0.0,1.0,0.0,1,0,0,0
1764,0,1.5,0,0.0,1.0,0.0,1,0,0,0
629,0,6.5,0,11.0,1.0,0.0,0,0,0,1
2128,1,6.5,0,0.0,1.0,0.0,1,0,0,0
2022,0,6.5,0,3.0,1.0,0.0,0,0,0,1
848,0,16.5,0,16.0,1.0,0.0,0,0,0,1
775,0,3.5,0,8.0,1.0,0.0,0,0,0,1
864,0,4.0,0,8.0,1.0,0.0,0,1,0,0
811,0,6.0,0,9.0,0.0,1.0,0,0,0,1
1210,0,4.5,0,9.0,0.0,1.0,0,0,0,1
1367,0,3.0,0,2.0,1.0,0.0,0,0,0,1
789,0,3.0,0,9.0,1.0,0.0,0,0,0,1
151,0,4.5,0,6.0,1.0,0.0,0,0,0,1
1840,0,5.5,0,4.0,1.0,0.0,0,0,0,1
1206,0,3.0,0,0.0,1.0,0.0,1,0,0,0
209,0,2.5,0,1.0,1.0,0.0,0,0,0,1
1028,0,7.5,0,13.0,1.0,0.0,0,0,0,1
1436,0,6.0,0,0.0,1.0,0.0,1,0,0,0
385,0,11.0,0,0.0,1.0,0.0,1,0,0,0
148,0,2.5,0,8.0,1.0,0.0,0,0,0,1
96,0,9.0,0,1.0,1.0,0.0,0,0,0,1
346,0,2.5,0,1.0,1.0,0.0,0,0,0,1
2031,0,7.5,0,0.0,1.0,0.0,0,0,0,1
743,0,6.5,0,0.0,0.0,1.0,1,0,0,0
85,0,7.0,0,1.0,1.0,0.0,0,0,0,1
1654,0,3.0,0,2.0,0.0,1.0,0,0,0,1
132,0,1.5,0,1.0,1.0,0.0,0,0,0,1
2051,0,2.0,0,8.0,1.0,0.0,0,0,0,1
306,0,4.0,0,0.0,1.0,0.0,1,0,0,0
777,0,17.0,0,13.0,1.0,0.0,0,0,0,1
823,0,8.0,0,4.0,1.0,0.0,0,0,0,1
2,0,6.5,0,1.0,1.0,0.0,0,0,0,1
1196,0,1.0,0,12.0,0.0,1.0,0,0,0,1
586,0,6.5,0,6.0,1.0,0.0,0,0,0,1
1298,0,3.5,0,9.0,1.0,0.0,1,0,0,0
565,0,3.0,0,0.0,1.0,0.0,1,0,0,0
1798,0,7.5,0,0.0,1.0,0.0,1,0,0,0
277,0,6.0,0,1.0,1.0,0.0,0,0,0,1
1839,0,3.5,0,11.0,1.0,0.0,0,1,0,0
1655,0,3.5,0,4.0,1.0,0.0,0,0,0,1
2113,0,5.5,0,0.0,1.0,0.0,1,0,0,0
1842,0,7.5,0,0.0,1.0,0.0,1,0,0,0
1203,0,7.0,0,0.0,1.0,0.0,1,0,0,0
674,0,1.5,0,0.0,0.0,1.0,1,0,0,0
607,0,4.0,0,7.0,1.0,0.0,0,1,0,0
1972,0,4.0,0,4.0,1.0,0.0,0,0,0,1
444,0,4.5,0,0.0,0.0,1.0,1,0,0,0
538,0,2.0,0,9.0,1.0,0.0,0,0,0,1
1477,0,1.0,0,9.0,0.0,1.0,0,0,0,1
1442,0,4.5,0,6.0,1.0,0.0,0,0,0,1
536,0,10.0,0,11.0,1.0,0.0,0,0,0,1
589,0,13.5,0,13.0,1.0,0.0,0,0,0,1
631,0,6.5,0,0.0,1.0,0.0,1,0,0,0
986,0,1.0,0,0.0,1.0,0.0,1,0,0,0
1830,0,4.5,0,10.0,0.0,1.0,0,0,0,1
1304,0,2.5,0,0.0,1.0,0.0,0,0,0,1
997,0,13.5,0,7.0,1.0,0.0,0,0,0,1
1958,0,12.0,0,10.0,1.0,0.0,0,0,0,1
1320,0,11.0,0,1.0,1.0,0.0,0,0,0,1
605,0,3.5,0,0.0,1.0,0.0,1,0,0,0
873,0,5.0,0,2.0,0.0,1.0,0,0,0,1
1923,0,2.0,0,0.0,0.0,1.0,1,0,0,0
1954,0,3.0,0,0.0,0.0,1.0,1,0,0,0
284,0,4.0,0,5.0,1.0,0.0,0,0,0,1
1634,0,1.0,0,3.0,1.0,0.0,0,0,0,1
791,1,4.0,0,4.844106463878327,1.0,0.0,0,0,0,1
1487,0,1.5,0,0.0,0.0,1.0,1,0,0,0
2012,0,4.5,0,4.0,1.0,0.0,0,0,0,1
1861,1,11.0,0,16.0,1.0,0.0,0,0,0,1
772,0,2.0,0,3.0,1.0,0.0,0,1,0,0
251,0,1.5,0,5.0,1.0,0.0,0,0,0,1
1569,0,2.5,0,0.0,1.0,0.0,1,0,0,0
360,0,14.0,0,0.0,1.0,0.0,1,0,0,0
236,0,2.5,0,0.0,1.0,0.0,1,0,0,0
1704,0,3.0,0,10.0,0.0,1.0,0,0,0,1
1831,0,6.0,0,4.0,1.0,0.0,0,0,0,1
630,0,1.0,0,0.0,1.0,0.0,1,0,0,0
1988,0,3.0,0,11.0,0.0,1.0,0,0,0,1
1586,0,4.0,0,0.0,1.0,0.0,1,0,0,0
1917,0,6.5,0,0.0,1.0,0.0,1,0,0,0
1111,0,1.0,0,0.0,1.0,0.0,0,0,0,1
887,0,2.5,0,7.0,1.0,0.0,0,0,0,1
1901,0,3.0,0,3.0,0.0,1.0,0,0,0,1
878,0,8.5,0,6.0,1.0,0.0,0,0,0,1
1061,1,7.0,0,4.844106463878327,1.0,0.0,0,0,0,1
356,0,7.5,0,1.0,1.0,0.0,0,0,0,1
506,0,7.0,0,0.0,1.0,0.0,1,0,0,0
1887,0,7.0,0,4.0,1.0,0.0,0,0,0,1
113,0,6.0,0,1.0,1.0,0.0,0,0,0,1
665,0,3.0,0,0.0,1.0,0.0,1,0,0,0
1803,0,2.0,0,15.0,0.0,1.0,0,0,0,1
1789,0,3.0,0,2.0,1.0,0.0,0,0,0,1
795,1,3.0,0,4.844106463878327,1.0,0.0,0,0,0,1
527,1,13.5,0,4.844106463878327,1.0,0.0,0,0,0,1
32,0,5.5,0,0.0,1.0,0.0,1,0,0,0
249,0,6.0,0,5.0,1.0,0.0,0,0,0,1
1773,0,7.0,0,10.0,1.0,0.0,0,0,0,1
81,0,3.0,0,14.0,1.0,0.0,0,0,0,1
497,0,1.0,0,0.0,0.0,1.0,1,0,0,0
1630,0,3.0,0,5.0,1.0,0.0,0,0,0,1
1157,0,4.0,0,7.0,1.0,0.0,0,0,0,1
1578,0,10.0,0,5.0,1.0,0.0,0,0,0,1
1983,0,13.0,0,9.0,1.0,0.0,0,1,0,0
1691,0,7.5,0,7.0,1.0,0.0,0,0,0,1
718,0,6.0,0,0.0,0.0,1.0,0,0,0,1
1279,0,3.5,0,9.0,0.0,1.0,0,0,0,1
1055,0,12.5,0,5.0,1.0,0.0,0,0,0,1
890,0,11.5,0,4.0,1.0,0.0,0,0,0,1
1109,0,14.0,0,7.0,1.0,0.0,0,0,0,1
501,0,10.0,0,4.0,1.0,0.0,0,0,0,1
1543,0,1.0,0,0.0,1.0,0.0,1,0,0,0
225,0,7.5,0,0.0,0.0,1.0,1,0,0,0
321,0,12.0,0,1.0,1.0,0.0,0,0,0,1
597,0,1.5,0,0.0,0.0,1.0,1,0,0,0
167,0,7.5,0,5.0,1.0,0.0,0,0,0,1
1175,0,1.0,0,0.0,1.0,0.0,1,0,0,0
1212,0,9.0,0,0.0,1.0,0.0,0,1,0,0
186,0,7.5,0,1.0,1.0,0.0,0,0,0,1
1496,0,3.0,0,0.0,1.0,0.0,1,0,0,0
415,0,7.0,0,7.0,1.0,0.0,0,0,0,1
1265,0,10.5,0,0.0,1.0,0.0,1,0,0,0
1280,0,3.5,0,2.0,1.0,0.0,0,0,0,1
1564,0,6.5,0,5.0,1.0,0.0,0,0,0,1
830,0,2.5,0,6.0,1.0,0.0,0,1,0,0
1676,0,3.5,0,4.0,1.0,0.0,0,0,0,1
1807,0,2.0,0,9.0,1.0,0.0,0,0,0,1
637,0,6.5,0,9.0,1.0,0.0,0,0,0,1
1554,0,1.0,0,6.0,1.0,0.0,0,0,0,1
2098,0,3.5,0,2.0,0.0,1.0,0,0,0,1
247,0,9.5,0,0.0,1.0,0.0,1,0,0,0
488,0,2.5,0,7.0,0.0,1.0,0,0,0,1
318,0,3.0,0,1.0,0.0,1.0,0,0,0,1
947,0,2.5,0,5.0,0.0,1.0,0,0,0,1
2002,0,3.5,0,0.0,1.0,0.0,1,0,0,0
853,0,11.5,0,8.0,1.0,0.0,0,0,0,1
1066,1,4.0,0,4.844106463878327,1.0,0.0,0,0,0,1
846,0,3.0,0,7.0,1.0,0.0,0,0,0,1
1595,1,7.0,0,0.0,1.0,0.0,1,0,0,0
1270,0,8.0,0,2.0,0.0,1.0,0,0,0,1
420,0,3.0,0,1.0,1.0,0.0,0,1,0,0
1181,0,7.5,0,13.0,1.0,0.0,0,0,0,1
297,0,4.5,0,7.0,1.0,0.0,0,0,0,1
554,0,3.0,0,0.0,0.0,1.0,1,0,0,0
51,0,14.5,0,8.0,1.0,0.0,0,0,0,1
1440,0,8.0,0,9.0,1.0,0.0,0,0,0,1
854,0,2.5,0,0.0,1.0,0.0,1,0,0,0
525,1,7.5,0,4.844106463878327,0.0,1.0,0,0,0,1
1906,0,1.0,0,0.0,0.0,1.0,1,0,0,0
1626,0,5.5,0,6.0,1.0,0.0,0,0,0,1
1629,0,3.0,0,3.0,1.0,0.0,0,0,0,1
6,0,6.0,0,1.0,1.0,0.0,0,1,0,0
858,0,3.0,1,11.0,0.0,1.0,0,0,0,1
548,0,7.0,0,1.0,1.0,0.0,0,0,0,1
1324,1,5.5,0,6.0,1.0,0.0,0,0,0,1
224,0,14.5,0,1.0,1.0,0.0,0,0,0,1
245,0,10.5,0,1.0,1.0,0.0,0,0,0,1
1159,0,9.5,0,5.0,1.0,0.0,0,0,0,1
1981,0,9.0,0,0.0,1.0,0.0,1,0,0,0
154,0,3.5,0,7.0,1.0,0.0,0,0,0,1
117,0,9.0,0,0.0,1.0,0.0,1,0,0,0
1249,0,3.0,0,11.0,1.0,0.0,0,0,0,1
1261,0,2.5,0,0.0,0.0,1.0,1,0,0,0
344,0,3.5,0,0.0,1.0,0.0,1,0,0,0
354,0,6.5,0,11.0,0.0,1.0,0,0,0,1
273,0,1.5,0,5.0,0.0,1.0,0,0,0,1
403,0,4.5,0,0.0,1.0,0.0,1,0,0,0
907,0,3.5,0,7.0,1.0,0.0,0,0,0,1
307,0,3.0,0,7.0,0.0,1.0,0,0,0,1
735,0,4.5,0,3.0,1.0,0.0,0,1,0,0
1433,0,7.0,0,6.0,1.0,0.0,0,0,0,1
1128,0,3.0,0,3.0,0.0,1.0,0,0,0,1
309,0,14.5,0,8.0,1.0,0.0,0,0,0,1
507,0,2.5,0,0.0,1.0,0.0,1,0,0,0
1253,0,3.0,0,7.0,0.0,1.0,0,0,0,1
882,0,5.5,0,0.0,1.0,0.0,1,0,0,0
1841,0,6.5,0,0.0,1.0,0.0,1,0,0,0
483,0,11.5,0,1.0,0.0,1.0,0,0,0,1
400,0,3.0,0,2.0,1.0,0.0,0,0,0,1
1044,0,7.0,0,9.0,1.0,0.0,0,0,0,1
332,0,3.0,0,6.0,0.0,1.0,0,0,0,1
1549,0,14.5,0,5.0,1.0,0.0,0,0,0,1
1862,1,6.5,0,0.0,1.0,0.0,1,0,0,0
1065,1,5.0,0,4.844106463878327,1.0,0.0,0,0,0,1
110,0,1.0,0,0.0,1.0,0.0,1,0,0,0
900,0,6.0,0,15.0,1.0,0.0,0,0,0,1
262,1,10.0,0,4.844106463878327,1.0,0.0,0,0,0,1
634,0,6.0,0,11.0,1.0,0.0,0,0,0,1
1709,0,3.0,0,4.0,1.0,0.0,0,0,0,1
883,0,26.5,0,7.0,1.0,0.0,0,0,0,1
2057,0,9.0,0,11.0,1.0,0.0,0,0,0,1
1574,0,4.0,0,0.0,1.0,0.0,0,0,0,1
1668,0,2.5,0,0.0,0.0,1.0,1,0,0,0
62,0,7.0,0,0.0,0.0,1.0,1,0,0,0
28,0,7.0,0,8.0,1.0,0.0,0,0,0,1
2034,0,8.0,0,3.0,1.0,0.0,0,0,0,1
2121,0,5.0,0,3.0,1.0,0.0,0,0,0,1
1761,0,3.0,0,15.0,1.0,0.0,0,0,0,1
2014,0,8.0,0,6.0,1.0,0.0,0,0,0,1
1432,0,4.5,0,11.0,1.0,0.0,0,0,0,1
835,0,3.0,0,15.0,0.0,1.0,0,0,0,1
921,0,3.0,0,8.0,0.0,1.0,0,0,0,1
959,0,3.0,0,12.0,0.0,1.0,0,1,0,0
1989,0,3.0,0,4.0,0.0,1.0,0,0,0,1
133,0,1.0,0,2.0,0.0,1.0,0,0,0,1
918,0,2.5,0,17.0,0.0,1.0,0,0,0,1
1525,0,3.0,0,4.0,1.0,0.0,0,0,0,1
341,0,3.0,0,3.0,1.0,0.0,0,0,0,1
202,0,8.0,0,8.0,1.0,0.0,0,1,0,0
814,0,3.5,0,0.0,1.0,0.0,1,0,0,0
339,0,7.5,0,9.0,1.0,0.0,0,0,0,1
928,0,5.5,0,8.0,0.0,1.0,0,0,0,1
2053,0,13.5,0,7.0,1.0,0.0,0,0,0,1
819,0,5.5,0,0.0,1.0,0.0,1,0,0,0
837,0,3.5,0,0.0,1.0,0.0,1,0,0,0
2069,0,3.0,0,2.0,1.0,0.0,0,0,0,1
2123,0,6.0,0,3.0,0.0,1.0,0,0,0,1
1907,0,4.0,1,4.0,0.0,1.0,0,0,0,1
1799,0,3.0,0,2.0,0.0,1.0,0,0,0,1
519,0,3.0,0,7.0,1.0,0.0,0,1,0,0
1046,0,11.5,0,0.0,1.0,0.0,1,0,0,0
413,0,6.5,0,3.0,0.0,1.0,0,0,0,1
1311,0,9.0,0,6.0,1.0,0.0,0,0,0,1
0,0,5.0,0,0.0,1.0,0.0,1,0,0,0
1449,0,3.0,0,0.0,1.0,0.0,1,0,0,0
1760,0,6.5,0,4.0,1.0,0.0,0,0,0,1
594,0,2.5,0,0.0,0.0,1.0,1,0,0,0
293,0,9.0,0,1.0,1.0,0.0,0,0,0,1
443,0,3.0,0,2.0,0.0,1.0,0,0,0,1
347,0,4.5,0,1.0,1.0,0.0,0,0,0,1
1627,0,4.0,0,5.0,1.0,0.0,0,0,0,1
1086,0,1.0,0,7.0,1.0,0.0,0,0,0,1
459,0,14.0,0,6.0,1.0,0.0,0,0,0,1
244,0,3.5,0,0.0,1.0,0.0,1,0,0,0
1396,0,3.0,0,13.0,0.0,1.0,0,0,0,1
1994,0,7.0,0,0.0,1.0,0.0,1,0,0,0
902,0,3.0,0,12.0,0.0,1.0,0,0,0,1
280,0,2.0,0,5.0,0.0,1.0,0,0,0,1
1264,0,9.0,0,3.0,1.0,0.0,0,0,0,1
115,0,2.5,0,0.0,1.0,0.0,1,0,0,0
1826,0,1.5,0,8.0,1.0,0.0,0,0,0,1
2108,0,10.0,0,15.0,1.0,0.0,0,0,0,1
845,0,20.0,0,17.0,1.0,0.0,0,0,0,1
781,0,10.0,0,13.0,1.0,0.0,0,0,0,1
194,0,0.0,0,6.0,0.0,0.0,0,1,0,0
600,0,6.5,0,0.0,0.0,1.0,1,0,0,0
1074,0,3.0,0,12.0,1.0,0.0,0,0,0,1
517,0,10.0,0,5.0,1.0,0.0,0,0,0,1
1229,0,7.5,0,11.0,0.0,1.0,0,1,0,0
100,0,6.5,0,12.0,1.0,0.0,0,1,0,0
1975,0,3.0,0,0.0,1.0,0.0,0,0,0,1
1390,0,4.0,0,0.0,1.0,0.0,1,0,0,0
906,0,1.0,0,8.0,0.0,1.0,0,0,0,1
523,1,4.0,0,4.844106463878327,1.0,0.0,0,0,0,1
885,0,7.5,0,7.0,1.0,0.0,0,0,0,1
686,0,15.5,0,7.0,1.0,0.0,0,0,0,1
1236,0,7.5,0,6.0,1.0,0.0,0,0,0,1
972,0,2.5,0,22.0,0.0,1.0,0,0,0,1
1222,0,1.0,0,10.0,0.0,1.0,0,0,0,1
1851,0,6.5,0,6.0,1.0,0.0,0,0,0,1
1912,0,6.0,0,7.0,1.0,0.0,0,0,0,1
102,0,3.0,0,2.0,1.0,0.0,0,0,0,1
917,0,10.5,0,0.0,1.0,0.0,1,0,0,0
1859,1,8.0,0,7.0,1.0,0.0,0,0,0,1
1757,0,2.0,0,0.0,1.0,0.0,1,0,0,0
1728,0,3.5,0,11.0,1.0,0.0,0,0,0,1
198,0,7.0,0,0.0,0.0,1.0,1,0,0,0
1250,0,3.0,0,7.0,1.0,0.0,0,0,0,1
1329,1,13.5,0,0.0,1.0,0.0,0,0,0,1
419,0,13.5,0,7.0,1.0,0.0,0,0,0,1
1843,0,2.5,0,1.0,0.0,1.0,0,0,0,1
1538,0,8.0,0,4.0,1.0,0.0,0,0,0,1
442,0,7.0,0,0.0,1.0,0.0,1,0,0,0
1731,0,1.0,0,3.0,1.0,0.0,0,0,0,1
965,0,3.5,0,26.0,1.0,0.0,0,0,0,1
200,0,9.0,0,0.0,1.0,0.0,1,0,0,0
1239,0,4.0,0,3.0,1.0,0.0,0,0,0,1
283,0,2.5,0,0.0,0.0,1.0,1,0,0,0
460,0,3.5,0,0.0,0.0,1.0,1,0,0,0
1087,0,5.5,0,4.0,1.0,0.0,0,0,0,1
1855,0,3.0,0,7.0,1.0,0.0,0,0,0,1
390,0,9.0,0,0.0,1.0,0.0,1,0,0,0
294,0,14.0,0,1.0,1.0,0.0,0,0,0,1
1686,0,7.5,0,7.0,1.0,0.0,0,0,0,1
1524,0,0.0,0,11.0,0.0,0.0,0,0,0,1
567,0,3.0,0,0.0,0.0,1.0,1,0,0,0
1742,0,1.5,0,6.0,1.0,0.0,0,0,0,1
930,0,14.5,0,4.0,1.0,0.0,0,0,0,1
1863,1,16.0,0,6.0,1.0,0.0,0,0,0,1
1106,0,1.5,0,0.0,1.0,0.0,1,0,0,0
466,0,10.0,0,0.0,1.0,0.0,1,0,0,0
1332,1,7.0,0,15.0,1.0,0.0,0,0,0,1
776,0,3.0,0,8.0,1.0,0.0,0,0,0,1
441,0,3.0,0,2.0,1.0,0.0,0,0,0,1
1084,0,2.5,0,0.0,1.0,0.0,0,0,0,1
1895,0,14.0,0,6.0,1.0,0.0,0,0,0,1
352,0,6.5,0,8.0,1.0,0.0,0,0,0,1
298,0,7.0,0,6.0,1.0,0.0,0,0,0,1
787,0,12.0,0,4.0,1.0,0.0,0,0,0,1
1891,0,4.5,0,6.0,1.0,0.0,0,0,0,1
754,0,4.5,0,5.0,1.0,0.0,0,0,0,1
1365,0,3.0,0,6.0,0.0,1.0,0,0,0,1
1565,0,9.0,0,0.0,1.0,0.0,1,0,0,0
757,0,1.0,0,11.0,1.0,0.0,0,0,0,1
380,0,14.0,0,0.0,0.0,1.0,1,0,0,0
1897,0,13.5,0,11.0,1.0,0.0,0,0,0,1
1818,0,7.0,0,7.0,1.0,0.0,1,0,0,0
147,0,7.0,0,0.0,1.0,0.0,1,0,0,0
2119,0,4.5,0,16.0,0.0,1.0,0,0,0,1
1448,0,3.0,1,3.0,0.0,1.0,0,0,0,1
1680,0,7.5,0,9.0,1.0,0.0,0,0,0,1
670,0,4.5,0,14.0,0.0,1.0,0,0,0,1
1225,0,10.5,0,7.0,1.0,0.0,0,0,0,1
832,0,6.5,0,5.0,1.0,0.0,0,0,0,1
137,0,0.0,0,5.0,0.0,0.0,0,0,0,1
553,0,7.0,0,5.0,1.0,0.0,0,0,0,1
1785,0,7.0,0,4.0,1.0,0.0,0,0,1,0
1328,1,7.0,0,12.0,1.0,0.0,0,0,0,1
1251,0,7.0,0,10.0,1.0,0.0,0,0,0,1
1605,0,3.0,0,7.0,1.0,0.0,0,0,0,1
2045,0,2.0,0,0.0,0.0,1.0,1,0,0,0
1500,0,2.5,0,0.0,0.0,1.0,0,0,1,0
3,0,1.0,0,5.0,0.0,1.0,0,0,0,1
822,0,6.5,0,6.0,1.0,0.0,0,1,0,0
1540,0,3.0,0,0.0,0.0,1.0,1,0,0,0
677,0,5.5,0,2.0,1.0,0.0,0,0,0,1
2127,1,8.0,0,18.0,1.0,0.0,0,0,0,1
465,0,3.5,0,7.0,1.0,0.0,0,0,0,1
1359,0,2.5,0,12.0,1.0,0.0,0,0,0,1
1505,0,4.5,0,5.0,1.0,0.0,0,0,0,1
1504,0,4.5,0,5.0,1.0,0.0,0,1,0,0
932,0,0.0,0,20.0,0.0,0.0,0,0,0,1
1419,0,3.5,0,15.0,1.0,0.0,0,0,0,1
571,0,7.0,0,0.0,1.0,0.0,0,0,0,1
1183,0,2.0,0,0.0,1.0,0.0,1,0,0,0
937,0,2.0,0,17.0,1.0,0.0,0,0,0,1
1602,0,3.0,0,2.0,0.0,1.0,0,0,0,1
1774,0,8.0,0,0.0,1.0,0.0,1,0,0,0
806,0,3.5,0,0.0,1.0,0.0,1,0,0,0
1145,0,5.0,0,0.0,1.0,0.0,1,0,0,0
1474,0,7.0,0,6.0,1.0,0.0,0,0,0,1
1966,0,1.5,0,3.0,0.0,1.0,0,0,0,1
1054,0,14.5,0,2.0,1.0,0.0,0,0,0,1
1190,0,10.0,0,4.0,1.0,0.0,0,0,0,1
952,0,7.5,0,6.0,1.0,0.0,0,0,0,1
24,0,4.0,0,0.0,1.0,0.0,1,0,0,0
1732,0,3.5,0,3.0,1.0,0.0,0,0,0,1
2042,0,14.0,0,7.0,1.0,0.0,0,0,0,1
2081,0,3.0,0,5.0,1.0,0.0,0,0,0,1
1874,0,3.5,0,0.0,1.0,0.0,1,0,0,0
1283,0,7.0,0,0.0,1.0,0.0,1,0,0,0
95,0,2.5,0,4.0,1.0,0.0,0,0,0,1
449,0,3.0,0,2.0,1.0,0.0,0,0,0,1
1168,0,4.0,0,10.0,0.0,1.0,0,0,0,1
1318,0,3.0,0,1.0,1.0,0.0,0,0,0,1
546,0,3.0,0,5.0,0.0,1.0,0,1,0,0
779,0,6.0,0,0.0,0.0,1.0,1,0,0,0
1622,0,6.0,0,1.0,1.0,0.0,0,0,0,1
82,0,10.0,0,9.0,1.0,0.0,0,0,0,1
2117,0,13.5,0,0.0,1.0,0.0,1,0,0,0
26,0,3.0,0,6.0,0.0,1.0,0,0,0,1
1459,0,1.0,0,14.0,1.0,0.0,0,0,0,1
1178,0,2.5,0,5.0,0.0,1.0,0,0,0,1
374,0,10.0,0,4.0,1.0,0.0,0,0,0,1
1404,0,9.0,0,15.0,1.0,0.0,0,0,0,1
490,0,3.0,0,1.0,1.0,0.0,0,0,0,1
1635,0,5.0,0,1.0,0.0,1.0,0,0,0,1
1300,0,4.5,0,7.0,1.0,0.0,0,0,0,1
828,0,5.0,0,9.0,1.0,0.0,0,0,0,1
515,0,2.0,0,8.0,1.0,0.0,0,0,0,1
227,0,3.0,0,9.0,1.0,0.0,0,0,0,1
1050,0,10.5,0,0.0,1.0,0.0,1,0,0,0
1580,0,9.5,0,5.0,1.0,0.0,0,0,0,1
961,0,2.0,0,6.0,1.0,0.0,0,0,0,1
1234,0,13.0,0,0.0,1.0,0.0,1,0,0,0
330,0,10.0,0,0.0,1.0,0.0,0,0,0,1
275,0,6.0,0,6.0,1.0,0.0,0,0,0,1
1268,0,4.5,0,11.0,1.0,0.0,0,0,0,1
1968,0,3.0,0,12.0,1.0,0.0,0,0,0,1
1062,1,9.0,0,4.844106463878327,1.0,0.0,0,0,0,1
1867,1,5.5,0,10.0,1.0,0.0,0,0,0,1
1362,0,6.0,0,7.0,0.0,1.0,0,0,0,1
272,0,9.0,0,4.0,1.0,0.0,0,0,0,1
1137,0,11.0,0,0.0,1.0,0.0,1,0,0,0
790,1,11.0,0,4.844106463878327,1.0,0.0,0,0,0,1
662,0,4.0,0,5.0,1.0,0.0,0,0,0,1
1163,0,5.0,0,0.0,1.0,0.0,1,0,0,0
992,0,5.0,0,6.0,1.0,0.0,0,0,0,1
1292,0,4.0,0,3.0,1.0,0.0,0,0,0,1
1346,0,3.5,0,0.0,0.0,1.0,1,0,0,0
1139,0,3.5,0,6.0,1.0,0.0,0,0,0,1
1439,0,10.0,0,0.0,1.0,0.0,1,0,0,0
1652,0,3.0,0,0.0,0.0,1.0,1,0,0,0
1992,0,6.0,0,12.0,1.0,0.0,0,0,0,1
1675,0,6.0,0,0.0,1.0,0.0,1,0,0,0
1379,0,16.5,0,7.0,1.0,0.0,0,0,0,1
1539,0,1.0,0,1.0,1.0,0.0,0,0,0,1
21,0,3.5,0,9.0,1.0,0.0,0,0,0,1
166,0,3.5,0,1.0,0.0,1.0,0,0,0,1
1310,0,16.5,0,0.0,1.0,0.0,0,0,0,1
378,0,9.5,0,5.0,1.0,0.0,0,0,0,1
1529,0,8.5,0,6.0,1.0,0.0,0,0,0,1
1020,0,1.5,0,20.0,0.0,1.0,0,0,0,1
1312,0,8.5,0,8.0,1.0,0.0,0,0,0,1
1299,0,6.0,0,2.0,0.0,1.0,0,0,0,1
1930,0,3.0,0,11.0,1.0,0.0,0,1,0,0
904,0,2.5,0,7.0,1.0,0.0,0,0,0,1
1484,0,3.0,0,10.0,1.0,0.0,0,0,0,1
1645,0,4.0,0,1.0,0.0,1.0,0,0,0,1
611,0,6.5,0,4.0,0.0,1.0,0,0,0,1
138,0,1.0,0,9.0,1.0,0.0,0,0,0,1
753,0,3.5,0,0.0,1.0,0.0,1,0,0,0
999,0,9.5,0,5.0,1.0,0.0,0,0,0,1
535,0,3.0,0,0.0,0.0,1.0,1,0,0,0
681,0,9.5,0,0.0,1.0,0.0,1,0,0,0
1931,0,7.0,0,13.0,1.0,0.0,0,0,0,1
622,0,5.0,0,9.0,1.0,0.0,0,0,0,1
45,0,5.0,0,0.0,0.0,1.0,1,0,0,0
1138,0,4.0,0,6.0,1.0,0.0,0,0,0,1
801,0,7.5,0,7.0,1.0,0.0,0,0,0,1
1646,0,10.5,0,2.0,1.0,0.0,0,0,0,1
1101,0,3.0,0,0.0,0.0,1.0,1,0,0,0
1226,0,8.0,0,0.0,0.0,1.0,1,0,0,0
1534,0,6.5,0,9.0,1.0,0.0,0,1,0,0
324,0,3.0,0,7.0,0.0,1.0,0,0,0,1
1780,0,2.5,0,0.0,1.0,0.0,1,0,0,0
927,0,5.5,0,6.0,1.0,0.0,0,0,0,1
1747,0,2.5,0,4.0,1.0,0.0,0,0,0,1
613,0,10.0,0,0.0,1.0,0.0,1,0,0,0
569,0,7.0,0,9.0,1.0,0.0,0,0,0,1
127,0,3.0,0,1.0,1.0,0.0,0,0,0,1
1388,0,3.5,0,8.0,1.0,0.0,0,0,0,1
471,0,7.0,0,5.0,1.0,0.0,0,0,0,1
2131,1,5.5,0,0.0,1.0,0.0,1,0,0,0
1527,0,10.0,0,0.0,1.0,0.0,1,0,0,0
741,0,5.5,0,7.0,1.0,0.0,0,0,0,1
141,0,4.5,0,5.0,1.0,0.0,0,0,0,1
750,0,10.5,0,10.0,1.0,0.0,0,0,0,1
59,0,2.0,0,0.0,0.0,1.0,1,0,0,0
1392,0,3.0,0,0.0,1.0,0.0,1,0,0,0
2134,1,3.0,0,1.0,0.0,1.0,0,0,0,1
169,0,5.0,0,5.0,1.0,0.0,0,0,0,1
130,0,1.0,0,0.0,1.0,0.0,1,0,0,0
2071,0,6.0,0,4.0,1.0,0.0,0,0,0,1
1886,0,7.5,0,2.0,1.0,0.0,0,0,0,1
452,0,9.0,0,0.0,1.0,0.0,1,0,0,0
1252,0,7.5,0,0.0,1.0,0.0,1,0,0,0
1453,0,5.5,0,5.0,1.0,0.0,0,1,0,0
2061,0,2.5,0,0.0,1.0,0.0,1,0,0,0
1458,0,3.5,0,0.0,0.0,1.0,1,0,0,0
125,0,7.5,0,0.0,1.0,0.0,1,0,0,0
1027,0,3.0,0,18.0,1.0,0.0,0,1,0,0
1684,0,3.0,0,6.0,1.0,0.0,0,0,0,1
1049,0,7.0,0,8.0,1.0,0.0,0,1,0,0
135,0,1.0,0,6.0,0.0,1.0,0,0,0,1
1460,0,13.5,0,8.0,1.0,0.0,0,0,0,1
109,0,5.5,0,16.0,1.0,0.0,0,0,0,1
1241,0,7.5,0,6.0,1.0,0.0,0,0,0,1
1387,0,3.0,0,8.0,0.0,1.0,0,0,0,1
1703,0,2.5,0,11.0,1.0,0.0,0,0,0,1
406,0,4.0,0,1.0,1.0,0.0,0,0,0,1
577,0,4.0,0,15.0,0.0,1.0,0,0,0,1
1852,0,3.0,0,1.0,1.0,0.0,0,0,0,1
1064,1,7.5,0,4.844106463878327,1.0,0.0,0,0,0,1
13,0,3.0,0,2.0,0.0,1.0,0,0,0,1
644,0,16.0,0,7.0,1.0,0.0,0,0,0,1
1860,1,5.0,0,7.0,1.0,0.0,0,0,0,1
996,0,7.0,0,7.0,1.0,0.0,0,0,0,1
350,0,7.0,0,8.0,1.0,0.0,0,0,0,1
1792,0,8.5,0,1.0,1.0,0.0,0,0,0,1
698,0,6.5,0,5.0,1.0,0.0,0,0,0,1
1999,0,3.0,0,10.0,1.0,0.0,0,0,0,1
1078,0,10.0,0,6.0,1.0,0.0,0,0,0,1
1670,0,3.5,0,0.0,0.0,1.0,1,0,0,0
492,0,11.0,0,1.0,1.0,0.0,0,0,0,1
897,0,9.5,0,8.0,1.0,0.0,0,0,0,1
1409,0,1.0,0,9.0,1.0,0.0,0,0,0,1
1415,0,3.5,0,0.0,1.0,0.0,1,0,0,0
615,0,2.0,0,18.0,0.0,1.0,0,0,0,1
69,0,3.0,0,0.0,1.0,0.0,1,0,0,0
1056,0,6.5,0,4.0,1.0,0.0,0,0,0,1
2124,0,2.5,0,5.0,1.0,0.0,0,0,0,1
1984,0,5.5,0,7.0,1.0,0.0,0,0,0,1
1275,0,13.5,0,4.0,1.0,0.0,0,0,0,1
545,0,3.0,0,4.0,1.0,0.0,0,0,0,1
1017,0,7.0,0,0.0,0.0,1.0,1,0,0,0
632,0,10.5,0,5.0,1.0,0.0,0,0,0,1
657,0,11.5,0,6.0,1.0,0.0,0,0,0,1
1247,0,1.5,0,0.0,0.0,1.0,1,0,0,0
431,0,7.0,0,7.0,1.0,0.0,0,1,0,0
606,0,8.0,0,4.0,1.0,0.0,0,0,0,1
943,0,2.5,0,21.0,1.0,0.0,0,0,0,1
155,0,7.0,0,9.0,1.0,0.0,0,0,0,1
2064,0,2.5,0,5.0,0.0,1.0,0,0,0,1
1382,0,5.5,0,3.0,1.0,0.0,0,0,0,1
1980,0,7.0,0,13.0,1.0,0.0,0,0,0,1
1089,0,13.0,0,14.0,1.0,0.0,0,1,0,0
409,0,4.0,0,1.0,1.0,0.0,0,0,0,1
714,0,10.5,0,8.0,1.0,0.0,0,0,0,1
1736,0,14.0,0,0.0,1.0,0.0,1,0,0,0
181,0,9.0,0,1.0,1.0,0.0,0,0,0,1
375,0,10.0,0,1.0,1.0,0.0,0,0,0,1
512,0,6.5,0,2.0,0.0,1.0,0,0,0,1
1693,0,7.0,0,0.0,1.0,0.0,1,0,0,0
1154,0,1.0,0,5.0,1.0,0.0,0,0,0,1
2032,0,5.0,0,0.0,0.0,1.0,1,0,0,0
1438,0,3.0,0,8.0,1.0,0.0,0,0,0,1
704,0,3.0,0,6.0,0.0,1.0,0,0,0,1
2096,0,10.0,0,6.0,1.0,0.0,0,0,0,1
1385,0,4.5,0,0.0,1.0,0.0,1,0,0,0
1748,0,0.0,0,1.0,0.0,0.0,0,0,0,1
1499,0,9.5,0,6.0,1.0,0.0,0,0,0,1
1073,0,8.0,0,6.0,1.0,0.0,0,0,0,1
1990,0,2.5,0,0.0,1.0,0.0,1,0,0,0
1399,0,7.0,0,0.0,1.0,0.0,1,0,0,0
764,0,11.0,0,9.0,1.0,0.0,0,0,0,1
418,0,7.0,0,0.0,1.0,0.0,1,0,0,0
1858,1,4.0,0,0.0,1.0,0.0,1,0,0,0
1494,0,7.0,0,5.0,1.0,0.0,0,0,0,1
299,0,7.5,0,8.0,0.0,1.0,0,0,0,1
1011,0,10.0,0,5.0,1.0,0.0,0,0,0,1
2010,0,3.0,0,5.0,0.0,1.0,0,0,0,1
491,0,7.0,0,0.0,0.0,1.0,1,0,0,0
370,0,11.5,0,9.0,1.0,0.0,0,0,0,1
1416,0,10.5,0,8.0,1.0,0.0,0,0,0,1
40,0,13.0,0,0.0,1.0,0.0,1,0,0,0
1463,0,6.0,0,0.0,1.0,0.0,0,0,0,1
964,0,3.0,0,0.0,1.0,0.0,1,0,0,0
898,0,6.0,0,0.0,0.0,1.0,1,0,0,0
2104,0,4.0,0,0.0,0.0,1.0,0,0,0,1
1682,0,2.5,0,0.0,1.0,0.0,1,0,0,0
1903,0,7.0,0,4.0,0.0,1.0,0,0,0,1
1561,0,6.0,0,0.0,1.0,0.0,1,0,0,0
92,0,2.5,0,9.0,0.0,1.0,0,0,0,1
1408,0,6.5,0,4.0,1.0,0.0,0,0,0,1
1172,0,6.0,0,16.0,1.0,0.0,0,0,0,1
5,0,5.5,0,10.0,1.0,0.0,0,0,0,1
653,0,4.5,0,0.0,1.0,0.0,1,0,0,0
1339,0,7.0,0,0.0,1.0,0.0,1,0,0,0
508,0,9.5,0,0.0,1.0,0.0,1,0,0,0
1112,0,4.0,0,4.0,1.0,0.0,0,0,0,1
474,0,9.5,0,7.0,1.0,0.0,0,0,0,1
1122,0,5.5,0,8.0,0.0,1.0,0,0,0,1
725,0,3.0,0,1.0,0.0,1.0,0,0,0,1
1364,0,6.0,0,2.0,1.0,0.0,0,0,0,1
383,0,3.0,0,0.0,1.0,0.0,1,0,0,0
2083,0,10.5,0,5.0,1.0,0.0,0,0,0,1
1450,0,3.0,0,8.0,0.0,1.0,0,0,0,1
351,0,3.0,0,1.0,1.0,0.0,0,0,0,1
1482,0,4.0,0,0.0,1.0,0.0,1,0,0,0
377,0,3.0,0,3.0,0.0,1.0,0,0,0,1
820,0,7.0,0,6.0,1.0,0.0,0,0,0,1
673,0,13.5,0,8.0,1.0,0.0,0,0,0,1
1356,0,1.0,0,11.0,0.0,1.0,0,0,0,1
1198,0,2.5,0,5.0,1.0,0.0,0,0,0,1
1446,0,2.5,0,4.0,0.0,1.0,0,0,0,1
1425,0,3.5,0,6.0,1.0,0.0,0,0,0,1
2078,0,5.0,0,0.0,1.0,0.0,1,0,0,0
564,0,3.5,0,0.0,0.0,1.0,1,0,0,0
1374,0,6.0,0,8.0,1.0,0.0,0,0,0,1
1255,0,2.5,0,15.0,1.0,0.0,0,0,0,1
358,0,2.5,0,0.0,1.0,0.0,0,0,0,1
1149,0,2.5,0,7.0,1.0,0.0,0,0,0,1
2041,0,13.5,0,17.0,1.0,0.0,0,0,0,1
1909,0,1.5,0,0.0,0.0,1.0,1,0,0,0
582,0,11.5,0,5.0,1.0,0.0,0,0,0,1
1333,1,8.5,0,15.0,1.0,0.0,0,0,0,1
1218,0,2.5,0,10.0,1.0,0.0,0,0,1,0
529,1,8.0,0,4.844106463878327,1.0,0.0,0,0,0,1
1700,0,7.0,0,6.0,1.0,0.0,0,0,0,1
2089,0,2.5,0,17.0,1.0,0.0,0,0,0,1
1397,0,10.0,0,2.0,1.0,0.0,0,0,0,1
761,0,9.5,0,5.0,1.0,0.0,0,0,0,1
1758,0,7.0,0,12.0,1.0,0.0,0,0,0,1
514,0,3.0,0,10.0,1.0,0.0,0,0,0,1
1000,0,3.0,0,0.0,1.0,0.0,1,0,0,0
874,0,4.5,0,9.0,1.0,0.0,0,0,0,1
563,0,3.0,0,6.0,0.0,1.0,0,0,0,1
1488,0,4.0,0,5.0,0.0,1.0,0,0,0,1
2063,0,3.5,0,15.0,1.0,0.0,0,0,1,0
581,0,3.5,0,7.0,0.0,1.0,0,0,0,1
951,0,4.5,0,7.0,1.0,0.0,0,0,0,1
50,0,2.5,0,10.0,0.0,1.0,0,0,0,1
656,0,10.5,0,7.0,1.0,0.0,0,0,0,1
863,0,7.5,0,0.0,1.0,0.0,1,0,0,0
786,0,16.5,0,5.0,1.0,0.0,0,0,0,1
2026,0,10.0,0,18.0,0.0,1.0,0,0,0,1
1140,0,7.0,0,6.0,1.0,0.0,0,0,0,1
33,0,12.5,0,6.0,1.0,0.0,0,1,0,0
1735,0,7.5,0,1.0,1.0,0.0,0,0,0,1
1716,0,3.5,0,3.0,1.0,0.0,0,0,0,1
1079,0,5.5,0,6.0,1.0,0.0,0,0,0,1
136,0,7.0,0,0.0,1.0,0.0,1,0,0,0
353,0,12.5,0,1.0,1.0,0.0,0,0,0,1
1856,0,3.0,0,2.0,1.0,0.0,0,0,0,1
818,0,2.0,0,0.0,0.0,1.0,1,0,0,0
894,0,6.5,0,0.0,1.0,0.0,1,0,0,0
1406,0,7.5,0,3.0,1.0,0.0,0,0,0,1
1532,0,2.5,0,8.0,1.0,0.0,0,0,0,1
12,0,6.5,0,9.0,1.0,0.0,0,0,0,1
1160,0,7.0,0,0.0,1.0,0.0,0,0,0,1
108,0,7.0,0,1.0,1.0,0.0,0,0,0,1
1590,0,3.0,0,0.0,0.0,1.0,0,0,0,1
2076,0,10.5,0,7.0,0.0,1.0,0,0,0,1
1120,0,3.0,0,4.0,1.0,0.0,0,0,0,1
558,0,8.0,0,8.0,1.0,0.0,0,0,0,1
364,0,14.0,0,0.0,1.0,0.0,1,0,0,0
327,0,7.0,0,9.0,1.0,0.0,0,0,0,1
807,0,4.5,0,0.0,1.0,0.0,1,0,0,0
436,0,3.0,0,6.0,1.0,0.0,0,0,0,1
2062,0,2.5,0,0.0,0.0,1.0,1,0,0,0
840,0,7.5,0,9.0,1.0,0.0,0,0,0,1
1197,0,3.0,0,18.0,0.0,1.0,0,0,0,1
1004,0,4.0,0,8.0,1.0,0.0,0,0,0,1
455,0,14.5,0,2.0,1.0,0.0,0,0,0,1
1345,0,3.5,0,8.0,1.0,0.0,0,0,0,1
222,0,1.0,0,4.0,1.0,0.0,0,0,0,1
316,0,5.0,0,6.0,1.0,0.0,0,0,0,1
1563,0,11.5,0,6.0,0.0,1.0,0,0,0,1
2059,0,6.5,0,4.0,1.0,0.0,0,0,0,1
1749,0,3.5,0,2.0,1.0,0.0,0,0,0,1
1672,0,4.0,0,0.0,1.0,0.0,1,0,0,0
267,0,5.0,0,5.0,1.0,0.0,0,0,0,1
1794,0,3.5,0,4.0,1.0,0.0,0,0,0,1
342,0,3.0,0,6.0,1.0,0.0,0,0,0,1
699,0,8.0,0,9.0,1.0,0.0,0,0,0,1
842,0,2.5,0,9.0,1.0,0.0,0,0,0,1
53,0,12.5,0,0.0,1.0,0.0,1,0,0,0
950,0,3.5,0,24.0,1.0,0.0,0,0,0,1
1289,0,10.0,0,2.0,1.0,0.0,0,0,0,1
640,0,3.0,0,18.0,0.0,1.0,0,0,0,1
617,0,5.0,0,2.0,1.0,0.0,0,0,0,1
1559,0,4.0,0,8.0,1.0,0.0,0,0,0,1
1164,0,7.0,0,0.0,1.0,0.0,0,0,0,1
702,0,3.5,0,0.0,0.0,1.0,0,0,0,1
269,0,1.5,0,2.0,1.0,0.0,0,1,0,0
560,0,4.5,0,5.0,1.0,0.0,0,0,0,1
1702,0,2.5,0,10.0,0.0,1.0,0,0,0,1
934,0,1.0,0,0.0,0.0,1.0,1,0,0,0
1185,0,5.0,0,7.0,0.0,1.0,0,0,0,1
215,0,14.5,0,8.0,1.0,0.0,0,0,0,1
862,0,3.5,0,4.0,1.0,0.0,0,1,0,0
414,0,6.5,0,0.0,1.0,0.0,1,0,0,0
1815,0,10.5,0,12.0,1.0,0.0,0,0,0,1
1690,0,7.0,0,5.0,1.0,0.0,0,0,0,1
1420,0,7.5,0,10.0,1.0,0.0,0,0,0,1
1427,0,2.5,0,0.0,1.0,0.0,0,0,0,1
962,0,3.0,0,8.0,1.0,0.0,0,0,0,1
495,0,4.0,0,8.0,1.0,0.0,0,0,0,1
338,0,3.5,0,0.0,1.0,0.0,1,0,0,0
369,0,10.5,0,0.0,0.0,1.0,0,0,0,1
1171,0,7.0,0,0.0,0.0,1.0,1,0,0,0
1507,0,3.0,0,2.0,1.0,0.0,0,0,0,1
1883,0,3.5,0,0.0,1.0,0.0,1,0,0,0
1002,0,2.0,0,7.0,1.0,0.0,0,0,1,0
1961,0,3.0,0,5.0,1.0,0.0,0,0,0,1
16,0,7.0,0,0.0,1.0,0.0,1,0,0,0
468,0,3.0,0,12.0,0.0,1.0,0,1,0,0
1768,0,8.5,0,6.0,1.0,0.0,0,0,0,1
1214,0,7.0,0,0.0,1.0,0.0,0,0,0,1
1719,0,1.0,0,0.0,0.0,1.0,1,0,0,0
365,0,1.0,0,0.0,0.0,1.0,0,0,0,1
935,0,3.5,0,0.0,1.0,0.0,1,0,0,0
737,0,10.5,0,3.0,1.0,0.0,0,0,0,1
1849,0,6.0,0,0.0,1.0,0.0,1,0,0,0
1455,0,4.0,0,6.0,1.0,0.0,0,0,0,1
1512,0,3.0,0,4.0,1.0,0.0,0,0,0,1
584,0,7.0,0,0.0,1.0,0.0,1,0,0,0
909,0,3.0,0,0.0,1.0,0.0,1,0,0,0
493,0,3.0,0,2.0,0.0,1.0,0,0,0,1
925,0,8.5,0,0.0,1.0,0.0,1,0,0,0
1987,0,7.0,0,7.0,1.0,0.0,0,0,0,1
1962,0,3.0,0,11.0,0.0,1.0,0,0,0,1
1307,0,3.5,0,7.0,0.0,1.0,0,0,0,1
162,0,9.5,0,6.0,1.0,0.0,0,0,0,1
639,0,7.5,0,18.0,1.0,0.0,0,0,0,1
246,0,4.0,0,1.0,1.0,0.0,0,0,0,1
1625,0,5.5,0,4.0,0.0,1.0,0,0,0,1
204,0,5.0,0,3.0,1.0,0.0,0,0,0,1
810,0,3.5,0,0.0,1.0,0.0,1,0,0,0
72,0,7.0,0,0.0,0.0,1.0,0,0,0,1
1943,0,6.5,0,11.0,1.0,0.0,0,0,0,1
1485,0,7.0,0,8.0,1.0,0.0,0,0,0,1
310,0,3.0,0,20.0,0.0,1.0,0,0,0,1
543,0,3.5,0,0.0,1.0,0.0,1,0,0,0
892,0,0.0,0,3.0,0.0,0.0,0,0,0,1
1393,0,5.0,0,7.0,1.0,0.0,0,0,0,1
603,0,6.0,0,0.0,1.0,0.0,1,0,0,0
191,0,4.0,0,16.0,1.0,0.0,0,0,0,1
2112,0,7.5,0,0.0,1.0,0.0,1,0,0,0
804,0,3.0,0,13.0,1.0,0.0,0,0,0,1
1,0,3.0,0,7.0,0.0,1.0,0,0,0,1
7,0,3.0,0,4.0,0.0,1.0,0,0,0,1
10,0,3.0,0,0.0,0.0,1.0,1,0,0,0
15,0,1.0,0,1.0,1.0,0.0,0,1,0,0
17,0,4.0,0,4.0,1.0,0.0,0,0,0,1
19,0,3.0,0,1.0,1.0,0.0,0,0,0,1
20,0,7.0,0,0.0,1.0,0.0,1,0,0,0
22,0,6.5,0,0.0,0.0,1.0,1,0,0,0
25,0,6.0,0,0.0,1.0,0.0,1,0,0,0
29,0,6.0,0,3.0,1.0,0.0,0,0,0,1
30,0,3.0,0,6.0,0.0,1.0,0,0,0,1
31,0,5.0,0,1.0,0.0,1.0,0,0,0,1
34,0,3.5,0,8.0,0.0,1.0,0,1,0,0
35,0,6.0,0,6.0,0.0,1.0,0,0,0,1
36,0,2.5,0,8.0,1.0,0.0,0,0,0,1
37,0,3.0,0,5.0,0.0,1.0,0,0,0,1
39,0,2.5,0,9.0,1.0,0.0,0,0,0,1
42,0,3.0,0,0.0,1.0,0.0,1,0,0,0
43,0,3.0,0,3.0,1.0,0.0,0,0,0,1
46,0,3.0,0,7.0,0.0,1.0,0,0,0,1
49,0,6.0,0,1.0,0.0,1.0,0,1,0,0
55,0,3.5,0,1.0,0.0,1.0,0,0,0,1
56,0,5.0,0,1.0,1.0,0.0,0,0,0,1
57,0,2.5,0,5.0,1.0,0.0,0,0,0,1
60,0,6.5,0,1.0,1.0,0.0,0,0,0,1
61,0,1.0,0,1.0,0.0,1.0,0,0,0,1
64,0,2.5,0,1.0,1.0,0.0,0,0,0,1
65,0,3.0,0,2.0,1.0,0.0,0,0,0,1
66,0,7.0,0,2.0,1.0,0.0,0,0,0,1
67,0,3.0,0,9.0,0.0,1.0,0,0,0,1
68,0,7.0,0,0.0,1.0,0.0,1,0,0,0
70,0,3.0,0,6.0,1.0,0.0,0,0,0,1
73,0,3.0,0,1.0,1.0,0.0,0,0,0,1
76,0,6.0,0,9.0,1.0,0.0,0,0,0,1
77,0,3.5,0,4.0,0.0,1.0,0,0,0,1
78,0,3.0,0,1.0,1.0,0.0,0,0,0,1
87,0,5.5,0,9.0,0.0,1.0,0,0,0,1
88,0,3.0,0,7.0,0.0,1.0,0,0,0,1
89,0,3.0,0,8.0,0.0,1.0,0,0,0,1
93,0,3.0,0,1.0,1.0,0.0,0,0,0,1
94,0,7.0,0,9.0,1.0,0.0,0,0,0,1
97,0,3.0,0,1.0,0.0,1.0,0,1,0,0
98,0,12.5,0,0.0,1.0,0.0,1,0,0,0
99,0,1.5,0,7.0,1.0,0.0,0,0,0,1
103,0,3.5,0,2.0,1.0,0.0,0,0,0,1
104,0,3.0,0,0.0,1.0,0.0,1,0,0,0
105,0,1.0,0,1.0,1.0,0.0,0,0,0,1
106,0,6.5,0,0.0,1.0,0.0,1,0,0,0
111,0,6.0,0,1.0,1.0,0.0,0,0,0,1
119,0,3.0,1,0.0,0.0,1.0,1,0,0,0
120,0,6.5,0,7.0,0.0,1.0,0,0,0,1
122,0,5.5,0,0.0,0.0,1.0,1,0,0,0
124,0,3.0,0,8.0,0.0,1.0,0,0,0,1
128,0,7.5,0,15.0,0.0,1.0,0,0,0,1
129,0,5.5,0,2.0,0.0,1.0,0,0,0,1
131,0,4.0,0,0.0,1.0,0.0,1,0,0,0
134,0,3.5,0,1.0,0.0,1.0,0,0,0,1
139,0,12.5,0,8.0,1.0,0.0,0,0,0,1
140,0,4.5,0,8.0,1.0,0.0,0,1,0,0
143,0,3.5,0,3.0,0.0,1.0,0,0,0,1
144,0,2.0,0,8.0,1.0,0.0,0,0,0,1
145,0,13.5,0,6.0,0.0,1.0,0,0,0,1
146,0,4.0,0,1.0,1.0,0.0,0,0,0,1
150,0,3.0,0,0.0,0.0,1.0,1,0,0,0
156,0,3.5,0,2.0,1.0,0.0,0,0,0,1
157,0,3.5,0,0.0,0.0,1.0,1,0,0,0
158,0,7.0,0,1.0,1.0,0.0,0,0,0,1
160,0,4.5,0,0.0,0.0,1.0,1,0,0,0
161,0,7.5,0,0.0,0.0,1.0,1,0,0,0
165,0,7.0,0,1.0,0.0,1.0,0,0,0,1
168,0,3.0,0,1.0,1.0,0.0,0,0,0,1
170,0,2.0,0,0.0,1.0,0.0,1,0,0,0
172,0,3.0,0,1.0,1.0,0.0,0,0,0,1
173,0,2.0,0,1.0,0.0,1.0,0,0,0,1
174,0,2.5,0,5.0,0.0,1.0,0,0,0,1
175,0,2.0,0,0.0,0.0,1.0,1,0,0,0
177,0,3.5,0,0.0,0.0,1.0,1,0,0,0
178,0,3.0,0,0.0,1.0,0.0,0,0,0,1
179,0,7.0,0,1.0,0.0,1.0,0,0,0,1
180,0,5.5,0,0.0,0.0,1.0,1,0,0,0
182,0,5.5,0,0.0,1.0,0.0,1,0,0,0
184,0,6.0,0,1.0,1.0,0.0,0,0,0,1
187,0,13.0,0,5.0,1.0,0.0,0,0,0,1
189,0,3.0,0,9.0,0.0,1.0,0,0,0,1
190,0,3.0,0,1.0,1.0,0.0,0,0,0,1
192,0,4.0,0,6.0,0.0,1.0,0,0,0,1
195,0,7.5,0,1.0,0.0,1.0,0,0,0,1
196,0,3.0,0,3.0,0.0,1.0,0,0,1,0
197,0,4.0,0,0.0,0.0,1.0,1,0,0,0
201,0,5.5,0,8.0,1.0,0.0,0,0,0,1
205,0,1.5,0,5.0,0.0,1.0,0,0,0,1
206,0,3.0,0,0.0,0.0,1.0,1,0,0,0
207,0,5.5,1,0.0,0.0,1.0,1,0,0,0
214,0,5.5,0,1.0,1.0,0.0,0,0,0,1
216,0,3.0,0,6.0,1.0,0.0,0,0,0,1
218,0,4.0,0,9.0,1.0,0.0,0,0,0,1
219,0,6.0,0,2.0,0.0,1.0,0,0,0,1
220,0,3.0,0,0.0,1.0,0.0,1,0,0,0
221,0,4.0,0,1.0,1.0,0.0,0,0,0,1
223,0,7.0,0,1.0,0.0,1.0,0,0,1,0
226,0,9.0,0,1.0,0.0,1.0,0,0,1,0
229,0,4.0,0,1.0,0.0,1.0,0,0,0,1
232,0,6.5,0,0.0,1.0,0.0,0,0,0,1
234,0,3.5,0,2.0,1.0,0.0,0,0,0,1
235,0,2.5,0,5.0,0.0,1.0,0,0,0,1
238,0,2.5,0,0.0,1.0,0.0,1,0,0,0
239,0,14.5,0,1.0,1.0,0.0,0,0,0,1
242,0,6.5,0,1.0,0.0,1.0,0,0,0,1
243,0,3.5,0,4.0,0.0,1.0,0,0,0,1
248,0,4.5,0,1.0,1.0,0.0,0,0,0,1
250,0,7.0,0,0.0,1.0,0.0,1,0,0,0
252,0,0.0,0,1.0,0.0,0.0,0,1,0,0
255,0,4.0,0,7.0,0.0,1.0,0,1,0,0
256,1,2.0,0,0.0,1.0,0.0,1,0,0,0
258,1,3.0,0,4.844106463878327,0.0,1.0,0,0,0,1
259,1,2.5,0,4.844106463878327,1.0,0.0,0,0,0,1
260,1,1.5,0,0.0,1.0,0.0,1,0,0,0
263,1,9.5,0,4.844106463878327,1.0,0.0,0,0,0,1
264,1,3.5,0,4.844106463878327,0.0,1.0,0,0,0,1
271,0,7.0,0,9.0,1.0,0.0,0,0,0,1
274,0,3.5,0,0.0,1.0,0.0,0,0,0,1
278,0,4.0,0,0.0,0.0,1.0,1,0,0,0
279,0,1.5,0,6.0,1.0,0.0,0,0,0,1
281,0,3.0,0,6.0,1.0,0.0,0,0,0,1
282,0,7.5,0,1.0,0.0,1.0,0,0,0,1
285,0,11.0,0,1.0,0.0,1.0,0,0,0,1
288,0,1.5,0,0.0,0.0,1.0,1,0,0,0
289,0,3.0,0,1.0,0.0,1.0,0,0,0,1
290,0,1.0,0,0.0,1.0,0.0,1,0,0,0
295,0,3.0,0,3.0,0.0,1.0,0,0,0,1
301,0,5.0,0,1.0,0.0,1.0,0,0,0,1
302,0,1.0,0,2.0,1.0,0.0,0,0,0,1
304,0,11.0,0,0.0,0.0,1.0,1,0,0,0
305,0,3.0,0,0.0,0.0,1.0,1,0,0,0
308,0,8.0,0,5.0,1.0,0.0,0,0,0,1
311,0,6.0,0,0.0,0.0,1.0,1,0,0,0
315,0,1.5,0,0.0,0.0,1.0,1,0,0,0
319,0,1.5,0,2.0,1.0,0.0,0,0,0,1
320,0,2.5,0,0.0,1.0,0.0,1,0,0,0
323,0,9.0,0,5.0,0.0,1.0,0,0,0,1
325,0,6.5,0,6.0,0.0,1.0,0,0,0,1
326,0,10.0,0,2.0,1.0,0.0,0,1,0,0
328,0,6.0,0,0.0,0.0,1.0,0,0,0,1
329,0,3.0,0,0.0,0.0,1.0,1,0,0,0
331,0,6.5,0,0.0,0.0,1.0,1,0,0,0
333,0,6.5,0,1.0,0.0,1.0,0,0,0,1
334,0,3.5,0,6.0,0.0,1.0,0,0,0,1
335,0,4.5,0,6.0,1.0,0.0,0,0,0,1
336,0,1.5,0,0.0,1.0,0.0,1,0,0,0
337,0,2.5,0,1.0,0.0,1.0,0,0,0,1
340,0,10.0,0,4.0,1.0,0.0,0,0,0,1
348,0,5.0,0,0.0,1.0,0.0,1,0,0,0
355,0,3.0,0,7.0,0.0,1.0,0,0,0,1
357,0,4.5,0,0.0,0.0,1.0,1,0,0,0
361,0,4.5,0,0.0,1.0,0.0,1,0,0,0
362,0,1.0,0,9.0,0.0,1.0,0,0,0,1
363,0,11.0,0,0.0,0.0,1.0,1,0,0,0
366,0,3.5,0,6.0,1.0,0.0,0,0,0,1
367,0,2.0,1,15.0,0.0,1.0,0,0,0,1
368,0,2.5,0,0.0,1.0,0.0,0,0,0,1
372,0,3.0,0,6.0,1.0,0.0,0,0,0,1
373,0,3.5,0,5.0,0.0,1.0,0,0,0,1
379,0,1.5,0,14.0,0.0,1.0,0,0,0,1
384,0,2.5,0,8.0,1.0,0.0,0,0,0,1
387,0,7.0,0,0.0,0.0,1.0,1,0,0,0
388,0,4.0,0,1.0,1.0,0.0,0,0,0,1
389,0,9.0,0,9.0,1.0,0.0,0,0,0,1
391,0,7.5,0,5.0,1.0,0.0,0,0,0,1
392,0,3.5,0,2.0,1.0,0.0,0,0,0,1
393,0,6.0,0,1.0,0.0,1.0,0,0,0,1
394,0,3.0,0,1.0,1.0,0.0,0,0,0,1
395,0,4.5,0,6.0,0.0,1.0,0,0,0,1
396,0,8.0,0,2.0,1.0,0.0,0,0,0,1
397,0,7.0,0,5.0,1.0,0.0,0,0,0,1
398,0,1.0,0,0.0,1.0,0.0,1,0,0,0
399,0,3.5,0,1.0,1.0,0.0,0,0,0,1
401,0,4.0,0,2.0,0.0,1.0,0,0,0,1
402,0,3.0,0,40.0,1.0,0.0,0,0,0,1
404,0,3.0,0,0.0,0.0,1.0,1,0,0,0
405,0,3.5,0,1.0,1.0,0.0,0,0,0,1
407,0,2.5,0,1.0,1.0,0.0,0,0,0,1
408,0,13.0,0,1.0,1.0,0.0,0,0,0,1
411,0,4.0,0,9.0,0.0,1.0,0,0,0,1
421,0,2.0,0,0.0,1.0,0.0,1,0,0,0
422,0,6.0,0,1.0,1.0,0.0,0,0,0,1
424,0,3.0,0,0.0,1.0,0.0,1,0,0,0
425,0,7.0,0,4.0,0.0,1.0,0,0,0,1
429,0,4.5,0,0.0,0.0,1.0,1,0,0,0
432,0,3.5,0,0.0,0.0,1.0,1,0,0,0
433,0,6.5,0,1.0,0.0,1.0,0,0,0,1
434,0,10.5,0,5.0,0.0,1.0,0,0,0,1
437,0,3.5,0,1.0,0.0,1.0,0,0,0,1
438,0,5.5,0,0.0,1.0,0.0,0,0,0,1
439,0,3.0,0,13.0,1.0,0.0,0,1,0,0
440,0,2.5,0,0.0,1.0,0.0,1,0,0,0
445,0,1.0,0,1.0,1.0,0.0,0,0,0,1
446,0,9.0,0,1.0,1.0,0.0,0,1,0,0
447,0,7.0,0,30.0,0.0,1.0,0,1,0,0
450,0,1.5,0,0.0,1.0,0.0,1,0,0,0
453,0,7.0,0,9.0,0.0,1.0,0,0,0,1
456,0,2.5,0,1.0,0.0,1.0,0,0,0,1
457,0,3.0,0,5.0,0.0,1.0,0,0,0,1
458,0,3.0,0,6.0,0.0,1.0,0,0,0,1
462,0,3.0,0,1.0,0.0,1.0,0,0,0,1
463,0,3.0,0,4.0,1.0,0.0,0,0,0,1
464,0,4.5,0,0.0,1.0,0.0,1,0,0,0
469,0,3.0,0,1.0,1.0,0.0,0,0,0,1
472,0,3.5,0,7.0,0.0,1.0,0,0,0,1
473,0,7.5,0,0.0,0.0,1.0,0,0,0,1
476,0,7.0,0,3.0,0.0,1.0,0,0,0,1
478,0,1.5,0,1.0,1.0,0.0,0,0,1,0
479,0,3.5,0,5.0,1.0,0.0,0,0,0,1
480,0,7.5,0,3.0,0.0,1.0,0,0,0,1
481,0,6.0,0,1.0,1.0,0.0,0,0,0,1
484,0,7.5,0,0.0,0.0,1.0,1,0,0,0
485,0,6.0,0,9.0,1.0,0.0,0,0,0,1
486,0,1.5,0,1.0,0.0,1.0,0,0,0,1
489,0,7.0,0,0.0,0.0,1.0,1,0,0,0
496,0,2.5,0,0.0,0.0,1.0,1,0,0,0
498,0,3.0,0,7.0,1.0,0.0,0,0,0,1
500,0,3.0,0,9.0,1.0,0.0,0,0,0,1
502,0,2.5,0,8.0,0.0,1.0,0,0,0,1
504,0,6.0,0,9.0,1.0,0.0,0,0,0,1
509,0,2.5,0,1.0,0.0,1.0,0,0,0,1
510,0,7.0,0,2.0,0.0,1.0,0,0,0,1
511,0,2.0,0,6.0,1.0,0.0,0,0,0,1
513,0,2.0,0,1.0,0.0,1.0,0,0,0,1
516,0,2.5,0,0.0,1.0,0.0,1,0,0,0
520,0,3.0,0,8.0,1.0,0.0,0,0,0,1
522,0,12.5,0,0.0,0.0,1.0,1,0,0,0
530,1,8.0,0,4.844106463878327,1.0,0.0,0,0,0,1
532,1,2.0,0,4.844106463878327,1.0,0.0,0,0,0,1
533,1,2.5,1,0.0,1.0,0.0,1,0,0,0
534,0,4.0,0,5.0,1.0,0.0,0,0,0,1
537,0,9.5,0,9.0,0.0,1.0,0,0,0,1
540,0,5.5,0,6.0,1.0,0.0,0,0,0,1
542,0,2.5,0,7.0,0.0,1.0,0,0,0,1
544,0,9.0,0,0.0,1.0,0.0,1,0,0,0
547,0,6.5,0,4.0,0.0,1.0,0,0,0,1
549,0,1.0,0,7.0,1.0,0.0,0,0,0,1
555,0,7.0,0,9.0,0.0,1.0,0,0,0,1
557,0,13.5,0,2.0,1.0,0.0,0,0,0,1
566,0,3.0,0,3.0,1.0,0.0,0,0,0,1
570,0,3.0,0,9.0,0.0,1.0,0,0,0,1
572,0,1.5,0,11.0,0.0,1.0,0,0,0,1
573,0,3.0,0,0.0,1.0,0.0,1,0,0,0
574,0,3.0,0,6.0,0.0,1.0,0,0,0,1
576,0,8.5,0,0.0,1.0,0.0,1,0,0,0
578,0,3.0,0,5.0,1.0,0.0,0,0,0,1
580,0,3.0,0,6.0,1.0,0.0,0,0,0,1
585,0,4.5,0,7.0,0.0,1.0,0,0,0,1
587,0,4.0,0,0.0,1.0,0.0,1,0,0,0
590,0,1.5,0,8.0,1.0,0.0,0,0,0,1
591,0,2.5,0,0.0,0.0,1.0,0,0,0,1
592,0,4.0,0,9.0,0.0,1.0,0,0,0,1
595,0,2.0,0,8.0,1.0,0.0,0,0,0,1
596,0,3.0,0,6.0,1.0,0.0,0,0,0,1
598,0,2.0,0,6.0,1.0,0.0,0,0,0,1
599,0,3.0,0,7.0,1.0,0.0,0,0,0,1
601,0,6.5,0,6.0,0.0,1.0,0,0,0,1
602,0,6.5,0,3.0,0.0,1.0,0,0,0,1
609,0,3.0,0,4.0,0.0,1.0,0,0,0,1
610,0,10.0,0,3.0,0.0,1.0,0,0,0,1
612,0,5.0,0,0.0,1.0,0.0,1,0,0,0
616,0,4.0,0,7.0,1.0,0.0,0,0,0,1
619,0,3.5,0,14.0,1.0,0.0,0,0,0,1
620,0,7.0,0,7.0,1.0,0.0,0,0,0,1
624,0,0.0,0,7.0,0.0,0.0,0,0,0,1
626,0,4.5,0,14.0,1.0,0.0,0,0,0,1
627,0,2.5,0,8.0,0.0,1.0,0,0,0,1
628,0,1.0,0,1.0,1.0,0.0,0,0,0,1
635,0,5.0,0,0.0,0.0,1.0,1,0,0,0
636,0,1.5,0,8.0,0.0,1.0,0,0,0,1
638,0,5.5,0,0.0,1.0,0.0,1,0,0,0
641,0,2.5,0,7.0,0.0,1.0,0,0,0,1
645,0,1.0,0,3.0,1.0,0.0,0,0,0,1
646,0,1.0,0,8.0,1.0,0.0,0,0,0,1
647,0,3.0,0,13.0,1.0,0.0,0,1,0,0
649,0,7.0,1,9.0,0.0,1.0,0,1,0,0
650,0,3.0,0,12.0,1.0,0.0,0,0,0,1
651,0,7.0,0,0.0,0.0,1.0,1,0,0,0
654,0,5.5,0,3.0,0.0,1.0,0,0,0,1
655,0,3.5,0,8.0,0.0,1.0,0,0,0,1
659,0,6.0,0,9.0,0.0,1.0,0,0,0,1
660,0,3.5,0,9.0,1.0,0.0,0,0,0,1
661,0,1.0,0,7.0,1.0,0.0,0,0,0,1
663,0,5.0,0,6.0,0.0,1.0,0,0,0,1
664,0,3.0,0,3.0,1.0,0.0,0,0,0,1
666,0,3.5,0,0.0,0.0,1.0,0,0,0,1
668,0,4.0,0,7.0,0.0,1.0,0,0,0,1
669,0,1.0,0,8.0,1.0,0.0,0,0,0,1
671,0,7.0,0,2.0,1.0,0.0,0,0,0,1
675,0,2.5,0,7.0,0.0,1.0,0,0,0,1
676,0,13.0,0,5.0,1.0,0.0,0,0,0,1
682,0,1.5,0,9.0,0.0,1.0,0,0,0,1
685,0,3.0,0,0.0,0.0,1.0,1,0,0,0
687,0,3.0,0,12.0,0.0,1.0,0,0,0,1
689,0,6.5,0,3.0,0.0,1.0,0,0,0,1
690,0,3.0,0,6.0,0.0,1.0,0,0,0,1
691,0,3.5,0,0.0,1.0,0.0,1,0,0,0
694,0,3.5,0,14.0,1.0,0.0,0,0,0,1
695,0,4.0,0,0.0,0.0,1.0,1,0,0,0
696,0,7.0,0,2.0,0.0,1.0,0,0,0,1
697,0,1.0,0,0.0,1.0,0.0,1,0,0,0
703,0,10.5,0,5.0,0.0,1.0,0,0,0,1
705,0,1.5,0,0.0,0.0,1.0,1,0,0,0
707,0,1.0,0,4.0,0.0,1.0,0,0,0,1
708,0,1.5,0,7.0,0.0,1.0,0,0,0,1
709,0,3.0,0,2.0,0.0,1.0,0,0,0,1
711,0,7.5,0,9.0,1.0,0.0,0,0,0,1
713,0,3.5,0,4.0,1.0,0.0,0,0,0,1
716,0,7.0,0,0.0,1.0,0.0,1,0,0,0
719,0,9.0,0,13.0,0.0,1.0,0,0,0,1
721,0,2.5,0,2.0,0.0,1.0,0,0,0,1
722,0,2.5,0,4.0,0.0,1.0,0,0,0,1
724,0,7.0,0,12.0,0.0,1.0,0,0,0,1
726,0,10.5,0,7.0,0.0,1.0,0,0,0,1
727,0,3.0,0,11.0,1.0,0.0,0,0,0,1
729,0,3.5,0,6.0,1.0,0.0,0,0,0,1
733,0,3.0,0,5.0,0.0,1.0,0,0,0,1
736,0,7.5,0,6.0,1.0,0.0,0,0,0,1
739,0,7.0,0,1.0,1.0,0.0,0,0,0,1
742,0,5.0,0,3.0,0.0,1.0,0,0,0,1
745,0,3.0,0,7.0,0.0,1.0,0,1,0,0
746,0,5.0,1,0.0,0.0,1.0,1,0,0,0
747,0,3.0,0,9.0,0.0,1.0,0,0,0,1
748,0,4.0,0,9.0,1.0,0.0,0,0,0,1
752,0,5.0,0,5.0,1.0,0.0,0,0,0,1
755,0,3.0,0,6.0,1.0,0.0,0,0,0,1
756,0,2.5,0,0.0,1.0,0.0,1,0,0,0
758,0,4.0,0,0.0,0.0,1.0,1,0,0,0
759,0,7.0,0,0.0,0.0,1.0,1,0,0,0
762,0,3.0,0,8.0,1.0,0.0,0,0,0,1
765,0,7.5,0,12.0,1.0,0.0,0,0,0,1
766,0,14.5,0,0.0,0.0,1.0,0,0,0,1
767,0,6.0,0,6.0,0.0,1.0,0,0,0,1
769,0,3.0,0,8.0,1.0,0.0,0,0,0,1
770,0,6.0,0,9.0,0.0,1.0,0,0,0,1
771,0,3.5,0,12.0,1.0,0.0,0,0,0,1
773,0,3.0,0,8.0,1.0,0.0,0,0,0,1
774,0,3.0,0,0.0,1.0,0.0,1,0,0,0
778,0,3.0,0,0.0,0.0,1.0,1,0,0,0
782,0,4.0,0,0.0,1.0,0.0,1,0,0,0
793,1,3.0,0,4.844106463878327,0.0,1.0,0,0,0,1
794,1,9.0,0,4.844106463878327,1.0,0.0,0,0,0,1
798,1,4.5,0,0.0,0.0,1.0,1,0,0,0
799,1,7.5,0,4.844106463878327,1.0,0.0,0,0,0,1
800,1,4.5,1,0.0,1.0,0.0,1,0,0,0
802,0,10.5,0,6.0,0.0,1.0,0,0,0,1
803,0,3.5,0,7.0,0.0,1.0,0,0,0,1
805,0,2.5,0,16.0,1.0,0.0,0,0,0,1
809,0,4.5,0,10.0,0.0,1.0,0,0,0,1
812,0,6.0,0,9.0,1.0,0.0,0,0,0,1
815,0,6.5,0,3.0,0.0,1.0,0,0,0,1
816,0,4.5,0,9.0,1.0,0.0,0,0,0,1
825,0,3.0,0,0.0,1.0,0.0,1,0,0,0
827,0,4.0,0,3.0,0.0,1.0,0,0,0,1
829,0,7.5,0,7.0,1.0,0.0,0,0,0,1
831,0,4.0,0,8.0,0.0,1.0,0,0,0,1
833,0,3.5,0,5.0,1.0,0.0,0,0,0,1
839,0,7.0,0,0.0,1.0,0.0,1,0,0,0
843,0,2.5,0,5.0,0.0,1.0,0,0,0,1
844,0,10.0,0,5.0,1.0,0.0,0,0,0,1
847,0,1.0,0,8.0,0.0,1.0,0,0,0,1
849,0,4.0,0,0.0,0.0,1.0,1,0,0,0
850,0,3.0,0,0.0,1.0,0.0,1,0,0,0
855,0,2.0,0,9.0,0.0,1.0,0,0,0,1
856,0,9.5,0,12.0,0.0,1.0,0,0,0,1
859,0,4.0,0,5.0,0.0,1.0,0,0,0,1
861,0,2.5,0,7.0,1.0,0.0,0,0,0,1
866,0,1.5,0,12.0,0.0,1.0,0,0,0,1
868,0,9.0,0,0.0,0.0,1.0,1,0,0,0
871,0,2.5,0,6.0,1.0,0.0,0,0,0,1
872,0,1.5,0,9.0,1.0,0.0,0,0,0,1
876,0,3.0,0,6.0,0.0,1.0,0,1,0,0
877,0,10.5,0,0.0,1.0,0.0,1,0,0,0
879,0,2.0,0,10.0,0.0,1.0,0,1,0,0
880,0,6.0,0,5.0,0.0,1.0,0,0,0,1
881,0,2.5,0,8.0,0.0,1.0,0,0,0,1
884,0,9.0,0,5.0,1.0,0.0,0,0,0,1
886,0,2.5,0,0.0,1.0,0.0,1,0,0,0
888,0,1.5,0,10.0,0.0,1.0,0,0,0,1
891,0,3.0,0,4.0,0.0,1.0,0,0,0,1
893,0,4.5,0,0.0,0.0,1.0,1,0,0,0
896,0,1.5,0,0.0,1.0,0.0,1,0,0,0
899,0,7.0,0,7.0,0.0,1.0,0,0,0,1
901,0,6.5,0,5.0,1.0,0.0,0,0,0,1
903,0,2.5,0,13.0,1.0,0.0,0,0,0,1
905,0,3.0,0,4.0,0.0,1.0,0,0,0,1
908,0,6.5,0,5.0,0.0,1.0,0,0,0,1
913,0,14.5,1,13.0,0.0,1.0,0,0,0,1
915,0,7.5,0,0.0,0.0,1.0,1,0,0,0
919,0,5.5,0,13.0,1.0,0.0,0,0,0,1
920,0,13.0,0,0.0,0.0,1.0,1,0,0,0
922,0,4.5,0,7.0,0.0,1.0,0,0,0,1
926,0,1.0,0,8.0,0.0,1.0,0,0,0,1
929,0,1.0,0,6.0,1.0,0.0,0,0,0,1
931,0,3.0,0,0.0,0.0,1.0,1,0,0,0
933,0,9.5,0,6.0,1.0,0.0,0,0,0,1
936,0,3.0,0,0.0,0.0,1.0,1,0,0,0
938,0,1.5,0,6.0,0.0,1.0,0,0,0,1
939,0,1.0,0,9.0,0.0,1.0,0,0,0,1
940,0,7.0,0,0.0,1.0,0.0,1,0,0,0
944,0,7.0,0,6.0,0.0,1.0,0,0,0,1
945,0,5.5,0,6.0,1.0,0.0,0,0,0,1
946,0,11.5,0,6.0,1.0,0.0,0,0,0,1
948,0,3.0,0,5.0,0.0,1.0,0,0,0,1
953,0,10.5,0,3.0,1.0,0.0,0,0,0,1
954,0,9.0,0,8.0,0.0,1.0,0,0,0,1
963,0,7.0,0,0.0,0.0,1.0,1,0,0,0
966,0,2.0,0,31.0,1.0,0.0,0,0,1,0
967,0,7.0,0,0.0,1.0,0.0,1,0,0,0
968,0,5.5,0,10.0,1.0,0.0,0,0,0,1
969,0,10.0,0,9.0,1.0,0.0,0,0,0,1
970,0,3.0,0,4.0,1.0,0.0,0,0,0,1
971,0,4.0,0,17.0,0.0,1.0,0,1,0,0
973,0,2.5,0,7.0,1.0,0.0,0,0,0,1
974,0,2.0,0,5.0,0.0,1.0,0,0,0,1
976,0,5.0,0,8.0,0.0,1.0,0,0,0,1
980,0,4.5,1,0.0,1.0,0.0,1,0,0,0
982,0,7.5,0,8.0,1.0,0.0,0,0,0,1
983,0,6.5,0,7.0,0.0,1.0,0,0,0,1
985,0,6.0,0,4.0,0.0,1.0,0,0,0,1
987,0,2.0,0,5.0,1.0,0.0,0,0,0,1
989,0,1.5,0,5.0,0.0,1.0,0,0,0,1
991,0,1.0,0,3.0,1.0,0.0,0,0,0,1
1003,0,3.0,0,9.0,1.0,0.0,0,0,1,0
1007,0,3.0,0,5.0,0.0,1.0,0,1,0,0
1009,0,9.5,0,6.0,1.0,0.0,0,0,0,1
1012,0,1.0,0,12.0,1.0,0.0,0,0,1,0
1013,0,4.0,0,0.0,1.0,0.0,1,0,0,0
1015,0,4.0,0,8.0,0.0,1.0,0,0,0,1
1018,0,9.5,0,7.0,0.0,1.0,0,0,0,1
1019,0,6.0,0,6.0,0.0,1.0,0,0,0,1
1022,0,4.5,0,7.0,0.0,1.0,0,0,0,1
1023,0,3.0,0,5.0,0.0,1.0,0,0,0,1
1024,0,5.5,0,0.0,1.0,0.0,1,0,0,0
1025,0,1.5,0,8.0,1.0,0.0,0,1,0,0
1029,0,9.0,0,0.0,1.0,0.0,1,0,0,0
1030,0,2.0,0,5.0,1.0,0.0,0,0,1,0
1031,0,9.5,0,3.0,0.0,1.0,0,0,0,1
1032,0,4.0,0,13.0,0.0,1.0,0,0,0,1
1033,0,7.0,0,8.0,1.0,0.0,0,0,0,1
1037,0,9.0,0,6.0,1.0,0.0,0,0,0,1
1039,0,2.5,0,9.0,0.0,1.0,0,0,0,1
1041,0,3.0,0,0.0,1.0,0.0,1,0,0,0
1042,0,5.5,0,0.0,0.0,1.0,1,0,0,0
1043,0,3.0,0,16.0,0.0,1.0,0,0,0,1
1045,0,7.0,0,0.0,0.0,1.0,1,0,0,0
1047,0,7.0,0,12.0,1.0,0.0,0,0,0,1
1052,0,10.0,0,8.0,0.0,1.0,0,0,0,1
1058,1,3.0,0,4.844106463878327,1.0,0.0,0,0,0,1
1059,1,6.0,0,4.844106463878327,1.0,0.0,0,0,0,1
1060,1,3.0,0,4.844106463878327,0.0,1.0,0,0,0,1
1063,1,1.0,0,4.844106463878327,0.0,1.0,0,0,0,1
1067,1,2.0,1,4.844106463878327,1.0,0.0,0,0,0,1
1070,0,1.0,0,0.0,1.0,0.0,0,0,0,1
1071,0,7.0,0,7.0,1.0,0.0,0,0,0,1
1072,0,3.5,0,0.0,0.0,1.0,1,0,0,0
1075,0,3.0,0,5.0,1.0,0.0,0,0,0,1
1080,0,3.0,0,0.0,1.0,0.0,1,0,0,0
1081,0,5.5,0,7.0,1.0,0.0,0,0,0,1
1091,0,3.5,0,11.0,0.0,1.0,0,0,0,1
1092,0,1.0,0,5.0,1.0,0.0,0,0,0,1
1093,0,3.0,0,10.0,0.0,1.0,0,0,0,1
1095,0,7.0,0,9.0,1.0,0.0,0,0,0,1
1096,0,4.0,0,0.0,1.0,0.0,0,0,0,1
1097,0,3.0,0,6.0,1.0,0.0,0,0,0,1
1099,0,3.0,0,0.0,1.0,0.0,1,0,0,0
1102,0,2.5,0,16.0,1.0,0.0,0,0,0,1
1103,0,3.0,0,3.0,1.0,0.0,0,0,0,1
1105,0,2.0,0,19.0,0.0,1.0,0,0,0,1
1107,0,6.0,0,5.0,0.0,1.0,0,0,0,1
1108,0,6.0,0,8.0,1.0,0.0,0,0,0,1
1114,0,1.5,0,0.0,0.0,1.0,1,0,0,0
1115,0,1.5,0,4.0,1.0,0.0,0,0,0,1
1116,0,3.0,0,7.0,1.0,0.0,0,0,0,1
1118,0,2.0,0,6.0,0.0,1.0,0,0,0,1
1123,0,2.0,0,6.0,1.0,0.0,0,0,0,1
1124,0,4.0,1,6.0,0.0,1.0,0,0,0,1
1125,0,7.5,0,6.0,1.0,0.0,0,0,0,1
1133,0,4.5,0,0.0,1.0,0.0,1,0,0,0
1135,0,6.0,0,4.0,0.0,1.0,0,0,0,1
1142,0,1.0,0,13.0,0.0,1.0,0,0,0,1
1143,0,7.0,0,11.0,0.0,1.0,0,0,0,1
1144,0,2.5,0,3.0,0.0,1.0,0,0,0,1
1146,0,3.5,0,0.0,1.0,0.0,1,0,0,0
1147,0,1.0,0,3.0,1.0,0.0,0,0,0,1
1148,0,7.0,0,6.0,1.0,0.0,0,0,0,1
1150,0,1.5,0,12.0,0.0,1.0,0,0,0,1
1151,0,1.0,0,20.0,1.0,0.0,0,0,0,1
1152,0,10.0,0,3.0,0.0,1.0,0,0,0,1
1153,0,7.0,0,7.0,0.0,1.0,0,0,0,1
1155,0,10.0,0,5.0,1.0,0.0,0,0,0,1
1156,0,3.5,0,4.0,0.0,1.0,0,0,0,1
1158,0,3.5,0,0.0,0.0,1.0,1,0,0,0
1162,0,3.0,0,12.0,1.0,0.0,0,0,0,1
1169,0,3.5,0,14.0,0.0,1.0,0,0,0,1
1170,0,3.0,0,6.0,1.0,0.0,0,0,0,1
1176,0,3.5,1,13.0,0.0,1.0,0,0,0,1
1177,0,6.0,0,11.0,0.0,1.0,0,0,0,1
1180,0,7.0,0,0.0,0.0,1.0,0,0,0,1
1184,0,3.0,0,19.0,1.0,0.0,0,0,0,1
1186,0,1.0,0,7.0,1.0,0.0,0,0,0,1
1187,0,3.5,0,5.0,0.0,1.0,0,0,0,1
1188,0,9.5,0,0.0,1.0,0.0,1,0,0,0
1189,0,3.0,0,3.0,0.0,1.0,0,0,0,1
1192,0,1.5,0,0.0,1.0,0.0,1,0,0,0
1193,0,1.5,0,8.0,0.0,1.0,0,0,0,1
1199,0,10.5,0,10.0,1.0,0.0,0,0,0,1
1201,0,3.0,0,8.0,0.0,1.0,0,0,0,1
1202,0,6.5,0,0.0,1.0,0.0,0,0,0,1
1205,0,2.0,0,11.0,1.0,0.0,0,1,0,0
1208,0,7.5,1,3.0,0.0,1.0,0,1,0,0
1209,0,6.0,0,0.0,1.0,0.0,1,0,0,0
1211,0,13.0,0,7.0,0.0,1.0,0,0,0,1
1213,0,3.5,0,5.0,0.0,1.0,0,0,0,1
1217,0,2.5,0,3.0,0.0,1.0,0,0,0,1
1219,0,4.5,0,7.0,1.0,0.0,0,0,0,1
1221,0,3.0,0,0.0,1.0,0.0,1,0,0,0
1223,0,8.5,0,0.0,1.0,0.0,1,0,0,0
1224,0,4.0,0,4.0,0.0,1.0,0,0,0,1
1227,0,6.5,0,7.0,1.0,0.0,0,0,0,1
1228,0,7.0,0,0.0,0.0,1.0,0,0,0,1
1230,0,3.0,0,0.0,1.0,0.0,1,0,0,0
1233,0,3.0,0,14.0,1.0,0.0,0,0,0,1
1235,0,7.5,0,6.0,0.0,1.0,0,0,0,1
1237,0,4.0,0,0.0,0.0,1.0,0,0,0,1
1243,0,2.5,0,0.0,1.0,0.0,1,0,0,0
1244,0,3.0,0,0.0,1.0,0.0,1,0,0,0
1246,0,1.0,0,0.0,1.0,0.0,0,0,0,1
1248,0,6.5,0,0.0,1.0,0.0,0,0,0,1
1254,0,1.0,0,12.0,1.0,0.0,0,0,0,1
1256,0,3.5,0,12.0,1.0,0.0,0,0,0,1
1258,0,6.0,0,7.0,0.0,1.0,0,0,0,1
1259,0,6.5,0,9.0,0.0,1.0,0,0,0,1
1260,0,3.5,0,6.0,0.0,1.0,0,0,0,1
1262,0,3.0,0,3.0,1.0,0.0,0,0,0,1
1263,0,3.0,0,11.0,0.0,1.0,0,0,0,1
1266,0,6.5,0,9.0,0.0,1.0,0,0,0,1
1267,0,3.0,0,12.0,1.0,0.0,0,0,0,1
1269,0,8.5,0,0.0,1.0,0.0,1,0,0,0
1271,0,1.5,0,6.0,0.0,1.0,0,0,0,1
1272,0,4.0,0,2.0,0.0,1.0,0,0,0,1
1273,0,3.0,0,7.0,0.0,1.0,0,0,0,1
1274,0,2.5,0,10.0,0.0,1.0,0,0,0,1
1276,0,6.0,0,0.0,1.0,0.0,1,0,0,0
1277,0,3.0,0,0.0,0.0,1.0,1,0,0,0
1281,0,2.5,0,5.0,1.0,0.0,0,0,0,1
1287,0,3.5,0,6.0,1.0,0.0,0,0,0,1
1288,0,4.0,0,5.0,0.0,1.0,0,0,0,1
1290,0,3.5,0,1.0,0.0,1.0,0,0,0,1
1291,0,3.0,0,6.0,0.0,1.0,0,0,0,1
1293,0,2.0,0,1.0,1.0,0.0,0,0,0,1
1295,0,9.5,0,0.0,0.0,1.0,1,0,0,0
1297,0,10.0,0,7.0,0.0,1.0,0,0,0,1
1301,0,6.0,0,0.0,1.0,0.0,1,0,0,0
1302,0,10.0,0,4.0,0.0,1.0,0,0,0,1
1305,0,7.0,0,0.0,1.0,0.0,1,0,0,0
1306,0,11.5,0,4.0,0.0,1.0,0,0,0,1
1308,0,2.5,0,0.0,1.0,0.0,1,0,0,0
1314,0,7.0,0,7.0,1.0,0.0,0,0,0,1
1316,0,4.5,0,8.0,1.0,0.0,0,0,0,1
1317,0,1.0,0,6.0,0.0,1.0,0,0,0,1
1321,0,6.0,0,7.0,0.0,1.0,0,0,0,1
1322,0,7.5,0,5.0,0.0,1.0,0,0,0,1
1323,0,6.0,0,4.0,0.0,1.0,0,0,0,1
1325,1,3.0,0,10.0,1.0,0.0,0,0,0,1
1330,1,9.5,0,7.0,1.0,0.0,0,0,0,1
1338,0,6.5,0,4.0,0.0,1.0,0,0,0,1
1341,0,1.0,0,8.0,0.0,1.0,0,0,0,1
1342,0,3.0,0,1.0,0.0,1.0,0,0,0,1
1344,0,3.0,0,9.0,1.0,0.0,0,0,0,1
1347,0,3.0,0,6.0,1.0,0.0,0,0,0,1
1348,0,4.0,0,11.0,0.0,1.0,0,0,0,1
1351,0,3.0,0,8.0,1.0,0.0,0,0,0,1
1352,0,1.0,0,4.0,1.0,0.0,0,0,0,1
1354,0,2.0,0,3.0,0.0,1.0,0,0,0,1
1360,0,9.0,0,0.0,1.0,0.0,1,0,0,0
1361,0,2.0,0,7.0,1.0,0.0,0,0,0,1
1363,0,6.5,0,7.0,1.0,0.0,0,0,0,1
1366,0,6.0,0,0.0,1.0,0.0,1,0,0,0
1369,0,1.5,0,8.0,1.0,0.0,0,0,0,1
1371,0,3.5,0,10.0,1.0,0.0,0,0,0,1
1372,0,0.0,0,0.0,0.0,0.0,1,0,0,0
1373,0,3.0,0,0.0,0.0,1.0,1,0,0,0
1375,0,1.0,0,0.0,1.0,0.0,0,0,0,1
1378,0,3.0,0,5.0,1.0,0.0,0,0,0,1
1380,0,1.0,0,0.0,1.0,0.0,1,0,0,0
1381,0,3.5,0,4.0,0.0,1.0,0,0,0,1
1383,0,3.0,0,7.0,0.0,1.0,0,0,0,1
1384,0,7.0,0,0.0,1.0,0.0,1,0,0,0
1386,0,6.0,0,4.0,1.0,0.0,0,0,0,1
1391,0,2.5,1,6.0,0.0,1.0,0,0,0,1
1394,0,7.5,0,6.0,0.0,1.0,0,0,0,1
1395,0,3.0,0,7.0,0.0,1.0,0,0,0,1
1398,0,5.0,0,2.0,1.0,0.0,0,0,0,1
1400,0,6.5,0,0.0,1.0,0.0,0,0,0,1
1402,0,8.5,0,0.0,0.0,1.0,1,0,0,0
1403,0,4.5,0,0.0,0.0,1.0,1,0,0,0
1405,0,9.5,0,11.0,1.0,0.0,0,0,0,1
1407,0,5.5,0,8.0,0.0,1.0,0,0,0,1
1410,0,1.0,0,2.0,0.0,1.0,0,0,0,1
1411,0,4.0,0,5.0,1.0,0.0,0,0,0,1
1413,0,3.0,0,2.0,0.0,1.0,0,0,0,1
1414,0,3.5,0,11.0,0.0,1.0,0,0,0,1
1417,0,9.0,0,0.0,0.0,1.0,1,0,0,0
1418,0,3.0,0,13.0,1.0,0.0,0,0,0,1
1423,0,7.0,0,4.0,1.0,0.0,0,0,0,1
1424,0,2.5,0,6.0,1.0,0.0,0,0,0,1
1426,0,6.5,0,3.0,0.0,1.0,0,0,0,1
1428,0,1.0,0,0.0,1.0,0.0,1,0,0,0
1429,0,5.0,0,0.0,1.0,0.0,1,0,0,0
1435,0,3.5,0,5.0,1.0,0.0,0,0,0,1
1437,0,6.0,0,8.0,0.0,1.0,0,0,0,1
1441,0,8.0,0,0.0,1.0,0.0,1,0,0,0
1443,0,1.5,0,7.0,0.0,1.0,0,0,0,1
1444,0,7.0,0,17.0,0.0,1.0,0,0,0,1
1445,0,5.0,0,0.0,0.0,1.0,1,0,0,0
1451,0,0.0,0,9.0,0.0,0.0,0,0,0,1
1457,0,3.0,0,2.0,0.0,1.0,1,0,0,0
1461,0,6.5,0,0.0,1.0,0.0,1,0,0,0
1465,0,2.0,0,1.0,0.0,1.0,0,0,0,1
1466,0,3.5,0,7.0,1.0,0.0,0,0,0,1
1467,0,2.5,0,9.0,1.0,0.0,0,0,0,1
1468,0,5.0,0,5.0,1.0,0.0,0,0,0,1
1469,0,3.5,0,1.0,1.0,0.0,0,0,0,1
1470,0,10.5,0,6.0,1.0,0.0,0,0,0,1
1471,0,7.0,0,5.0,0.0,1.0,0,0,0,1
1472,0,3.0,0,15.0,1.0,0.0,0,0,0,1
1473,0,6.0,0,9.0,1.0,0.0,0,0,0,1
1475,0,3.0,0,1.0,1.0,0.0,0,0,0,1
1476,0,7.0,0,0.0,1.0,0.0,1,0,0,0
1478,0,3.5,0,3.0,0.0,1.0,0,0,0,1
1480,0,10.0,0,2.0,1.0,0.0,0,0,0,1
1483,0,3.5,0,0.0,1.0,0.0,1,0,0,0
1486,0,2.0,0,6.0,0.0,1.0,0,0,0,1
1489,0,2.0,0,10.0,0.0,1.0,0,0,0,1
1490,0,0.0,0,7.0,0.0,0.0,0,0,0,1
1491,0,6.5,0,10.0,1.0,0.0,0,0,0,1
1492,0,3.0,0,4.0,0.0,1.0,0,0,0,1
1495,0,1.0,0,11.0,0.0,1.0,1,0,0,0
1497,0,8.0,0,10.0,1.0,0.0,0,1,0,0
1498,0,2.0,0,0.0,1.0,0.0,1,0,0,0
1503,0,5.0,0,6.0,1.0,0.0,0,0,0,1
1506,0,8.5,0,2.0,0.0,1.0,0,0,0,1
1508,0,1.0,0,2.0,0.0,1.0,0,0,0,1
1510,0,6.0,0,8.0,1.0,0.0,0,0,0,1
1511,0,2.5,0,0.0,0.0,1.0,1,0,0,0
1513,0,6.5,0,4.0,1.0,0.0,0,0,0,1
1514,0,7.5,0,5.0,0.0,1.0,0,0,0,1
1516,0,2.5,0,3.0,0.0,1.0,0,0,0,1
1517,0,9.5,0,5.0,1.0,0.0,0,0,0,1
1518,0,6.0,0,0.0,0.0,1.0,1,0,0,0
1519,0,2.5,0,5.0,0.0,1.0,0,0,0,1
1520,0,3.0,0,3.0,0.0,1.0,0,0,0,1
1522,0,6.0,0,7.0,0.0,1.0,0,0,0,1
1523,0,3.5,0,0.0,0.0,1.0,1,0,0,0
1526,0,2.0,0,2.0,1.0,0.0,0,0,0,1
1528,0,10.5,0,3.0,0.0,1.0,0,0,0,1
1530,0,4.0,0,11.0,1.0,0.0,0,0,0,1
1531,0,1.0,0,6.0,1.0,0.0,0,0,0,1
1533,0,6.0,0,2.0,1.0,0.0,0,0,0,1
1535,0,5.0,0,3.0,0.0,1.0,0,0,0,1
1541,0,6.0,0,12.0,1.0,0.0,0,0,0,1
1542,0,2.0,0,5.0,0.0,1.0,0,0,0,1
1544,0,3.5,0,7.0,0.0,1.0,1,0,0,0
1545,0,6.5,0,3.0,0.0,1.0,0,0,0,1
1546,0,2.0,0,0.0,1.0,0.0,1,0,0,0
1547,0,2.0,0,7.0,1.0,0.0,0,0,0,1
1550,0,5.0,0,4.0,0.0,1.0,0,0,0,1
1551,0,4.0,0,10.0,0.0,1.0,0,0,0,1
1552,0,4.0,0,3.0,0.0,1.0,0,0,0,1
1555,0,6.5,0,5.0,0.0,1.0,0,0,0,1
1558,0,2.5,0,0.0,1.0,0.0,1,0,0,0
1560,0,3.5,0,5.0,1.0,0.0,0,0,0,1
1567,0,2.5,0,13.0,1.0,0.0,0,0,0,1
1571,0,11.0,0,2.0,1.0,0.0,0,1,0,0
1572,0,3.0,0,11.0,1.0,0.0,0,0,0,1
1573,0,3.5,0,10.0,0.0,1.0,0,0,0,1
1575,0,6.0,0,0.0,1.0,0.0,1,0,0,0
1576,0,6.0,0,0.0,1.0,0.0,1,0,0,0
1579,0,2.5,0,10.0,0.0,1.0,0,0,0,1
1581,0,13.0,0,12.0,0.0,1.0,0,0,0,1
1582,0,3.0,0,4.0,1.0,0.0,1,0,0,0
1584,0,3.0,0,5.0,1.0,0.0,0,0,0,1
1589,0,3.5,0,10.0,1.0,0.0,0,0,0,1
1591,1,3.0,0,5.0,0.0,1.0,0,0,0,1
1592,1,3.0,0,0.0,0.0,1.0,1,0,0,0
1593,1,4.5,0,12.0,0.0,1.0,0,0,0,1
1594,1,1.0,0,14.0,1.0,0.0,0,0,0,1
1603,0,8.5,0,0.0,1.0,0.0,1,0,0,0
1604,0,2.5,0,0.0,1.0,0.0,1,0,0,0
1606,0,1.0,0,0.0,0.0,1.0,1,0,0,0
1608,0,2.5,0,0.0,1.0,0.0,1,0,0,0
1609,0,3.5,0,1.0,0.0,1.0,0,0,0,1
1611,0,3.0,0,0.0,1.0,0.0,1,0,0,0
1612,0,1.0,0,9.0,0.0,1.0,0,0,0,1
1615,0,2.5,0,3.0,0.0,1.0,0,0,0,1
1617,0,2.5,0,3.0,0.0,1.0,0,0,0,1
1618,0,0.0,0,2.0,0.0,0.0,0,0,0,1
1621,0,4.5,0,5.0,0.0,1.0,0,0,0,1
1623,0,6.0,0,0.0,1.0,0.0,1,0,0,0
1628,0,4.0,0,3.0,1.0,0.0,0,0,0,1
1631,0,3.0,0,5.0,1.0,0.0,0,0,0,1
1633,0,3.0,0,2.0,1.0,0.0,0,0,0,1
1636,0,6.5,0,2.0,1.0,0.0,0,0,0,1
1637,0,3.5,0,0.0,1.0,0.0,0,0,0,1
1641,0,2.0,0,4.0,0.0,1.0,0,0,0,1
1644,0,3.5,0,4.0,1.0,0.0,0,0,0,1
1647,0,3.5,0,3.0,1.0,0.0,0,0,0,1
1648,0,1.5,0,3.0,0.0,1.0,0,0,0,1
1649,0,3.0,0,0.0,1.0,0.0,1,0,0,0
1651,0,10.0,0,0.0,1.0,0.0,1,0,0,0
1653,0,3.5,0,0.0,1.0,0.0,0,0,0,1
1657,0,3.5,0,2.0,1.0,0.0,0,0,0,1
1658,0,1.0,0,0.0,0.0,1.0,0,0,0,1
1660,0,3.5,0,6.0,1.0,0.0,0,0,0,1
1661,0,1.0,0,8.0,0.0,1.0,0,0,0,1
1662,0,3.0,0,4.0,0.0,1.0,0,1,0,0
1665,0,3.5,0,7.0,0.0,1.0,0,0,0,1
1666,0,4.0,0,12.0,1.0,0.0,0,0,0,1
1667,0,10.0,0,9.0,0.0,1.0,0,0,0,1
1669,0,3.5,0,1.0,1.0,0.0,0,0,0,1
1673,0,2.5,0,5.0,0.0,1.0,0,0,0,1
1674,0,2.5,0,12.0,1.0,0.0,0,0,0,1
1678,0,6.0,0,2.0,1.0,0.0,0,0,0,1
1681,0,2.5,0,3.0,1.0,0.0,0,0,0,1
1683,0,5.0,0,4.0,1.0,0.0,0,0,0,1
1689,0,1.0,0,5.0,0.0,1.0,0,1,0,0
1695,0,2.5,0,0.0,1.0,0.0,1,0,0,0
1696,0,4.5,0,0.0,1.0,0.0,1,0,0,0
1699,0,2.0,0,5.0,1.0,0.0,0,0,0,1
1701,0,2.5,1,10.0,0.0,1.0,0,0,0,1
1705,0,7.5,0,6.0,0.0,1.0,0,0,0,1
1706,0,1.0,0,2.0,1.0,0.0,0,0,0,1
1707,0,4.0,0,5.0,1.0,0.0,0,0,0,1
1711,0,5.5,0,2.0,0.0,1.0,0,1,0,0
1713,0,3.0,1,3.0,1.0,0.0,0,0,0,1
1714,0,2.5,0,9.0,0.0,1.0,0,0,0,1
1718,0,3.0,0,0.0,0.0,1.0,1,0,0,0
1720,0,1.0,0,10.0,1.0,0.0,0,0,0,1
1722,0,4.5,0,2.0,0.0,1.0,0,0,0,1
1724,0,7.0,0,2.0,0.0,1.0,0,0,0,1
1725,0,7.5,0,5.0,1.0,0.0,0,0,0,1
1727,0,3.0,0,3.0,0.0,1.0,0,0,0,1
1729,0,4.5,0,0.0,1.0,0.0,1,0,0,0
1733,0,5.0,0,1.0,0.0,1.0,0,0,0,1
1737,0,3.0,0,4.0,1.0,0.0,0,0,0,1
1738,0,3.0,0,6.0,1.0,0.0,0,0,0,1
1739,0,7.5,0,2.0,1.0,0.0,0,0,0,1
1740,0,3.0,0,0.0,1.0,0.0,1,0,0,0
1741,0,1.0,0,4.0,0.0,1.0,0,0,0,1
1743,0,3.0,0,2.0,1.0,0.0,0,0,0,1
1744,0,4.5,0,3.0,1.0,0.0,0,0,0,1
1750,0,2.5,0,7.0,1.0,0.0,0,0,0,1
1751,0,8.5,0,16.0,0.0,1.0,0,0,0,1
1755,0,7.0,0,8.0,1.0,0.0,0,0,0,1
1756,0,1.0,0,4.0,0.0,1.0,0,0,0,1
1759,0,11.5,0,1.0,0.0,1.0,0,1,0,0
1765,0,8.5,0,0.0,0.0,1.0,1,0,0,0
1769,0,6.5,0,5.0,0.0,1.0,0,0,0,1
1770,0,6.5,0,10.0,0.0,1.0,0,0,0,1
1771,0,3.5,0,6.0,1.0,0.0,0,0,0,1
1772,0,2.5,0,9.0,0.0,1.0,0,0,0,1
1775,0,9.5,0,8.0,0.0,1.0,0,0,0,1
1778,0,4.0,0,4.0,1.0,0.0,0,0,0,1
1779,0,3.0,0,0.0,0.0,1.0,1,0,0,0
1781,0,5.0,0,0.0,1.0,0.0,1,0,0,0
1786,0,3.5,0,3.0,0.0,1.0,0,0,0,1
1788,0,6.5,0,0.0,1.0,0.0,1,0,0,0
1791,0,3.5,0,3.0,1.0,0.0,0,0,0,1
1793,0,1.0,0,2.0,1.0,0.0,0,0,0,1
1795,0,2.0,0,6.0,0.0,1.0,0,0,1,0
1797,0,5.0,0,13.0,0.0,1.0,0,0,1,0
1800,0,6.5,0,0.0,1.0,0.0,1,0,0,0
1801,0,3.5,0,1.0,0.0,1.0,0,0,0,1
1802,0,5.0,0,2.0,0.0,1.0,0,0,0,1
1805,0,2.5,0,2.0,0.0,1.0,0,0,0,1
1806,0,3.0,0,3.0,1.0,0.0,0,0,0,1
1811,0,2.5,0,3.0,0.0,1.0,0,0,0,1
1812,0,3.0,0,0.0,1.0,0.0,1,0,0,0
1816,0,4.5,0,7.0,0.0,1.0,0,0,0,1
1817,0,3.0,0,7.0,0.0,1.0,0,0,0,1
1819,0,3.0,0,3.0,0.0,1.0,0,0,0,1
1821,0,6.0,0,2.0,1.0,0.0,0,0,0,1
1822,0,5.0,0,0.0,1.0,0.0,1,0,0,0
1824,0,2.5,0,2.0,0.0,1.0,0,0,0,1
1825,0,7.0,0,3.0,1.0,0.0,0,0,0,1
1827,0,4.5,0,7.0,1.0,0.0,0,0,0,1
1828,0,3.0,0,4.0,0.0,1.0,0,0,0,1
1829,0,3.0,0,1.0,0.0,1.0,0,0,0,1
1834,0,6.0,0,7.0,1.0,0.0,0,0,0,1
1838,0,9.0,0,2.0,1.0,0.0,0,0,0,1
1845,0,3.5,0,0.0,0.0,1.0,1,0,0,0
1847,0,7.0,0,1.0,0.0,1.0,0,0,0,1
1848,0,7.5,0,10.0,0.0,1.0,0,0,0,1
1853,0,5.5,0,4.0,0.0,1.0,0,0,0,1
1854,0,11.5,0,6.0,0.0,1.0,0,0,0,1
1857,0,9.0,0,1.0,1.0,0.0,0,0,0,1
1864,1,5.5,0,0.0,1.0,0.0,1,0,0,0
1865,1,2.5,0,9.0,1.0,0.0,0,0,0,1
1869,0,9.0,0,7.0,1.0,0.0,0,0,0,1
1871,0,7.0,0,9.0,0.0,1.0,0,0,0,1
1872,0,3.0,0,8.0,1.0,0.0,0,0,0,1
1873,0,9.0,0,9.0,0.0,1.0,0,0,0,1
1877,0,5.5,0,9.0,1.0,0.0,0,0,0,1
1879,0,5.5,0,4.0,0.0,1.0,0,0,0,1
1880,0,2.0,0,6.0,1.0,0.0,0,0,0,1
1881,0,1.0,0,7.0,0.0,1.0,0,0,0,1
1884,0,6.5,0,0.0,1.0,0.0,0,0,0,1
1889,0,7.5,0,0.0,0.0,1.0,1,0,0,0
1890,0,1.5,0,9.0,0.0,1.0,0,0,0,1
1892,0,4.5,0,7.0,1.0,0.0,0,0,0,1
1893,0,2.5,0,7.0,1.0,0.0,0,0,0,1
1894,0,7.0,0,0.0,0.0,1.0,1,0,0,0
1899,0,3.5,0,7.0,1.0,0.0,0,0,0,1
1900,0,2.0,0,11.0,0.0,1.0,0,0,0,1
1902,0,5.0,0,6.0,1.0,0.0,0,0,0,1
1904,0,3.0,0,0.0,0.0,1.0,1,0,0,0
1908,0,3.0,0,5.0,0.0,1.0,0,0,0,1
1915,0,3.0,0,0.0,0.0,1.0,1,0,0,0
1918,0,8.0,0,0.0,1.0,0.0,1,0,0,0
1919,0,3.0,0,5.0,0.0,1.0,0,0,0,1
1920,0,3.0,0,5.0,0.0,1.0,0,0,0,1
1921,0,6.0,0,0.0,1.0,0.0,1,0,0,0
1924,0,1.0,0,7.0,1.0,0.0,0,0,0,1
1925,0,3.0,1,9.0,0.0,1.0,0,0,0,1
1926,0,2.0,0,0.0,1.0,0.0,1,0,0,0
1927,0,9.0,0,5.0,1.0,0.0,0,0,0,1
1932,0,5.0,0,9.0,0.0,1.0,0,1,0,0
1934,0,1.5,0,6.0,0.0,1.0,0,0,0,1
1935,0,2.0,0,0.0,1.0,0.0,1,0,0,0
1936,0,2.5,0,0.0,1.0,0.0,1,0,0,0
1937,0,1.0,0,0.0,0.0,1.0,1,0,0,0
1939,0,1.0,0,6.0,1.0,0.0,0,0,0,1
1941,0,3.5,0,10.0,1.0,0.0,0,0,0,1
1942,0,2.5,0,9.0,1.0,0.0,0,0,0,1
1944,0,8.5,0,5.0,1.0,0.0,0,0,0,1
1945,0,3.0,0,8.0,0.0,1.0,0,0,0,1
1946,0,3.0,0,5.0,1.0,0.0,0,0,0,1
1948,0,13.5,0,0.0,1.0,0.0,1,0,0,0
1949,0,6.5,0,10.0,1.0,0.0,0,0,0,1
1950,0,12.0,0,4.0,1.0,0.0,0,0,0,1
1952,0,2.5,0,8.0,1.0,0.0,0,0,0,1
1953,0,3.5,0,11.0,1.0,0.0,0,0,0,1
1956,0,9.0,0,13.0,0.0,1.0,0,0,0,1
1957,0,3.0,0,9.0,1.0,0.0,0,0,0,1
1963,0,5.5,0,7.0,0.0,1.0,0,0,0,1
1964,0,3.5,0,15.0,0.0,1.0,0,1,0,0
1965,0,3.0,0,0.0,0.0,1.0,1,0,0,0
1971,0,3.5,0,7.0,0.0,1.0,0,0,0,1
1973,0,6.5,0,7.0,0.0,1.0,0,0,0,1
1978,0,9.5,1,10.0,0.0,1.0,0,0,0,1
1979,0,3.0,0,0.0,0.0,1.0,1,0,0,0
1982,0,4.5,0,12.0,0.0,1.0,0,1,0,0
1985,0,2.0,0,18.0,1.0,0.0,0,0,0,1
1986,0,2.0,0,12.0,0.0,1.0,0,1,0,0
1991,0,6.0,0,0.0,1.0,0.0,1,0,0,0
1993,0,3.0,0,2.0,0.0,1.0,0,0,0,1
1995,0,5.5,0,6.0,0.0,1.0,0,0,0,1
1997,0,2.0,0,8.0,0.0,1.0,0,0,0,1
1998,0,8.0,0,11.0,1.0,0.0,0,1,0,0
2000,0,2.5,0,3.0,0.0,1.0,0,0,0,1
2001,0,6.0,0,0.0,0.0,1.0,1,0,0,0
2003,0,2.0,0,2.0,0.0,1.0,0,0,0,1
2004,0,4.5,0,6.0,1.0,0.0,0,1,0,0
2005,0,7.0,0,5.0,0.0,1.0,0,0,0,1
2007,0,10.5,0,0.0,0.0,1.0,1,0,0,0
2013,0,1.0,0,4.0,0.0,1.0,0,0,0,1
2016,0,3.0,0,15.0,0.0,1.0,0,0,0,1
2017,0,7.5,0,19.0,0.0,1.0,0,1,0,0
2018,0,6.0,0,0.0,0.0,1.0,1,0,0,0
2019,0,2.5,0,3.0,1.0,0.0,0,0,0,1
2020,0,2.0,0,15.0,0.0,1.0,0,0,0,1
2023,0,1.0,0,5.0,0.0,1.0,0,0,0,1
2027,0,7.0,1,7.0,0.0,1.0,0,0,0,1
2028,0,2.0,0,2.0,1.0,0.0,0,0,0,1
2029,0,1.0,0,0.0,0.0,1.0,1,0,0,0
2030,0,3.0,0,0.0,0.0,1.0,1,0,0,0
2035,0,3.5,0,0.0,0.0,1.0,1,0,0,0
2036,0,10.0,0,9.0,1.0,0.0,0,0,0,1
2039,0,5.0,0,23.0,0.0,1.0,0,0,0,1
2043,0,7.0,0,12.0,0.0,1.0,0,0,0,1
2046,0,7.0,0,0.0,0.0,1.0,1,0,0,0
2047,0,3.0,0,0.0,1.0,0.0,1,0,0,0
2049,0,9.0,0,13.0,0.0,1.0,0,0,0,1
2050,0,3.0,0,6.0,1.0,0.0,0,0,0,1
2060,0,4.5,0,9.0,0.0,1.0,0,0,0,1
2065,0,6.0,0,11.0,1.0,0.0,0,0,0,1
2066,0,2.5,0,24.0,0.0,1.0,0,0,0,1
2068,0,1.0,0,0.0,1.0,0.0,1,0,0,0
2072,0,1.0,0,0.0,1.0,0.0,0,0,0,1
2073,0,4.0,0,11.0,0.0,1.0,0,0,0,1
2075,0,0.0,0,9.0,0.0,0.0,0,0,0,1
2077,0,3.0,0,0.0,0.0,1.0,1,0,0,0
2082,0,6.5,0,0.0,0.0,1.0,0,0,0,1
2086,0,7.5,0,0.0,0.0,1.0,0,0,0,1
2087,0,3.0,0,4.0,0.0,1.0,0,0,0,1
2088,0,2.5,0,4.0,0.0,1.0,0,1,0,0
2090,0,1.0,0,15.0,0.0,1.0,0,0,0,1
2092,0,7.0,0,2.0,0.0,1.0,0,0,0,1
2094,0,8.5,0,6.0,0.0,1.0,0,0,0,1
2099,0,4.5,0,0.0,1.0,0.0,1,0,0,0
2103,0,7.5,0,6.0,0.0,1.0,0,0,0,1
2105,0,5.5,0,11.0,0.0,1.0,0,0,0,1
2107,0,8.0,0,0.0,0.0,1.0,1,0,0,0
2110,0,8.0,0,12.0,1.0,0.0,0,0,0,1
2111,0,3.0,0,4.0,1.0,0.0,0,0,0,1
2115,0,6.0,0,3.0,0.0,1.0,0,0,0,1
2116,0,2.5,0,9.0,0.0,1.0,0,0,0,1
2120,0,3.5,0,17.0,0.0,1.0,0,0,0,1
2122,0,8.0,0,7.0,1.0,0.0,0,0,0,1
2125,1,8.5,0,10.0,1.0,0.0,0,0,0,1
2126,1,6.5,0,3.0,1.0,0.0,0,0,0,1
2132,1,7.0,0,2.0,1.0,0.0,0,0,0,1
2135,1,4.5,1,0.0,1.0,0.0,1,0,0,0
